	G15	G16	G17	G18	G19	G20	G21	G22	G23
metabat2.megahit.14_100_1	0.0	0.0	0.0	0.0	0.0	0.0	0.0	0.0	0.0
metabat2.megahit.14_100_10	7.0	0.0	0.0	8.0	0.0	0.0	2.0	3.0	0.0
metabat2.megahit.14_100_11	6.0	0.0	0.0	4.0	0.0	0.0	1.0	1.0	0.0
metabat2.megahit.14_100_12	0.0	0.0	0.0	4.0	0.0	0.0	0.0	2.0	0.0
metabat2.megahit.14_100_13	1.0	0.0	0.0	0.0	0.0	0.0	0.0	0.0	0.0
metabat2.megahit.14_100_14	0.0	0.0	0.0	0.0	0.0	0.0	0.0	0.0	0.0
metabat2.megahit.14_100_15	0.0	0.0	0.0	0.0	0.0	0.0	0.0	0.0	0.0
metabat2.megahit.14_100_16	0.0	0.0	0.0	0.0	0.0	0.0	0.0	0.0	0.0
metabat2.megahit.14_100_17	0.0	0.0	0.0	0.0	0.0	0.0	2.0	0.0	0.0
metabat2.megahit.14_100_18	1.0	0.0	0.0	0.0	0.0	0.0	0.0	0.0	0.0
metabat2.megahit.14_100_19	0.0	0.0	0.0	0.0	0.0	0.0	0.0	0.0	0.0
metabat2.megahit.14_100_2	6.0	0.0	0.0	12.0	0.0	0.0	0.0	2.0	0.0
metabat2.megahit.14_100_20	0.0	0.0	0.0	0.0	0.0	0.0	0.0	0.0	0.0
metabat2.megahit.14_100_21	0.0	0.0	0.0	0.0	0.0	0.0	0.0	0.0	0.0
metabat2.megahit.14_100_22	0.0	0.0	0.0	0.0	0.0	0.0	0.0	0.0	0.0
metabat2.megahit.14_100_23	0.0	0.0	0.0	0.0	0.0	0.0	0.0	0.0	0.0
metabat2.megahit.14_100_24	0.0	0.0	0.0	0.0	0.0	0.0	0.0	0.0	0.0
metabat2.megahit.14_100_25	0.0	0.0	0.0	0.0	0.0	0.0	0.0	1.0	0.0
metabat2.megahit.14_100_26	0.0	0.0	0.0	0.0	0.0	0.0	0.0	0.0	0.0
metabat2.megahit.14_100_27	8.0	0.0	0.0	8.0	0.0	0.0	1.0	3.0	0.0
metabat2.megahit.14_100_28	6.0	0.0	0.0	8.0	0.0	0.0	5.0	10.0	0.0
metabat2.megahit.14_100_29	0.0	0.0	0.0	0.0	0.0	0.0	1.0	1.0	0.0
metabat2.megahit.14_100_3	0.0	0.0	0.0	2.0	0.0	0.0	0.0	0.0	0.0
metabat2.megahit.14_100_30	3.0	0.0	0.0	0.0	0.0	0.0	0.0	1.0	0.0
metabat2.megahit.14_100_31	9.0	0.0	0.0	3.0	0.0	1.0	0.0	2.0	0.0
metabat2.megahit.14_100_32	2.0	0.0	0.0	3.0	0.0	0.0	0.0	2.0	0.0
metabat2.megahit.14_100_33	11.0	0.0	0.0	7.0	0.0	0.0	5.0	1.0	0.0
metabat2.megahit.14_100_34	0.0	0.0	0.0	0.0	0.0	0.0	0.0	0.0	0.0
metabat2.megahit.14_100_35	1.0	0.0	0.0	0.0	0.0	0.0	0.0	0.0	0.0
metabat2.megahit.14_100_36	21.0	0.0	0.0	9.0	0.0	0.0	2.0	12.0	0.0
metabat2.megahit.14_100_4	2.0	0.0	0.0	6.0	0.0	0.0	1.0	0.0	0.0
metabat2.megahit.14_100_5	1.0	0.0	0.0	2.0	0.0	0.0	2.0	0.0	0.0
metabat2.megahit.14_100_6	0.0	0.0	0.0	0.0	0.0	0.0	0.0	0.0	0.0
metabat2.megahit.14_100_7	0.0	0.0	0.0	0.0	0.0	0.0	0.0	1.0	0.0
metabat2.megahit.14_100_8	5.0	0.0	0.0	18.0	0.0	0.0	4.0	8.0	0.0
metabat2.megahit.14_100_9	0.0	0.0	0.0	1.0	0.0	0.0	1.0	0.0	0.0
metabat2.megahit.14_101_1	1.0	0.0	0.0	0.0	0.0	0.0	2.0	1.0	0.0
metabat2.megahit.14_101_10	1.0	0.0	0.0	0.0	0.0	0.0	3.0	2.0	0.0
metabat2.megahit.14_101_11	1.0	0.0	0.0	1.0	0.0	0.0	0.0	2.0	0.0
metabat2.megahit.14_101_12	6.0	0.0	0.0	8.0	0.0	0.0	2.0	5.0	0.0
metabat2.megahit.14_101_13	5.0	0.0	0.0	2.0	0.0	0.0	1.0	1.0	0.0
metabat2.megahit.14_101_14	0.0	0.0	0.0	4.0	0.0	0.0	0.0	1.0	0.0
metabat2.megahit.14_101_15	1.0	0.0	0.0	0.0	0.0	0.0	0.0	0.0	0.0
metabat2.megahit.14_101_16	1.0	0.0	0.0	6.0	0.0	0.0	0.0	1.0	0.0
metabat2.megahit.14_101_17	3.0	0.0	0.0	0.0	0.0	0.0	0.0	5.0	0.0
metabat2.megahit.14_101_18	0.0	0.0	0.0	1.0	0.0	0.0	0.0	0.0	0.0
metabat2.megahit.14_101_19	21.0	0.0	0.0	25.0	0.0	0.0	12.0	15.0	0.0
metabat2.megahit.14_101_2	4.0	0.0	0.0	4.0	0.0	0.0	0.0	1.0	0.0
metabat2.megahit.14_101_20	24.0	0.0	0.0	46.0	0.0	0.0	8.0	22.0	0.0
metabat2.megahit.14_101_21	10.0	0.0	0.0	11.0	0.0	0.0	2.0	0.0	0.0
metabat2.megahit.14_101_22	2.0	0.0	0.0	8.0	0.0	0.0	0.0	1.0	0.0
metabat2.megahit.14_101_23	1.0	0.0	0.0	1.0	0.0	0.0	2.0	1.0	0.0
metabat2.megahit.14_101_24	0.0	0.0	0.0	0.0	0.0	0.0	0.0	0.0	0.0
metabat2.megahit.14_101_3	0.0	0.0	0.0	0.0	0.0	0.0	0.0	0.0	0.0
metabat2.megahit.14_101_4	0.0	0.0	0.0	0.0	0.0	0.0	0.0	0.0	0.0
metabat2.megahit.14_101_5	7.0	0.0	0.0	14.0	0.0	0.0	3.0	2.0	0.0
metabat2.megahit.14_101_6	2.0	0.0	0.0	0.0	0.0	0.0	0.0	0.0	0.0
metabat2.megahit.14_101_7	1.0	0.0	0.0	6.0	0.0	0.0	0.0	0.0	0.0
metabat2.megahit.14_101_8	0.0	0.0	0.0	0.0	0.0	0.0	0.0	0.0	0.0
metabat2.megahit.14_101_9	0.0	0.0	0.0	2.0	0.0	0.0	0.0	0.0	0.0
metabat2.megahit.14_102_1	3.0	0.0	0.0	2.0	0.0	0.0	0.0	1.0	0.0
metabat2.megahit.14_102_2	0.0	0.0	0.0	0.0	0.0	0.0	0.0	0.0	0.0
metabat2.megahit.14_102_3	1.0	0.0	0.0	0.0	0.0	0.0	0.0	0.0	0.0
metabat2.megahit.14_102_4	0.0	0.0	0.0	1.0	0.0	0.0	0.0	1.0	0.0
metabat2.megahit.14_102_5	0.0	0.0	0.0	0.0	0.0	0.0	1.0	0.0	0.0
metabat2.megahit.14_102_6	0.0	0.0	0.0	5.0	0.0	0.0	0.0	0.0	0.0
metabat2.megahit.14_102_7	0.0	0.0	0.0	6.0	0.0	0.0	0.0	2.0	0.0
metabat2.megahit.14_102_8	0.0	0.0	0.0	0.0	0.0	0.0	0.0	0.0	0.0
metabat2.megahit.14_102_9	2.0	0.0	0.0	7.0	0.0	0.0	1.0	4.0	0.0
metabat2.megahit.14_103_1	8.0	0.0	0.0	0.0	0.0	0.0	1.0	2.0	0.0
metabat2.megahit.14_103_2	0.0	0.0	0.0	0.0	0.0	0.0	0.0	0.0	0.0
metabat2.megahit.14_103_3	5.0	0.0	0.0	1.0	0.0	0.0	0.0	0.0	0.0
metabat2.megahit.14_104_1	5.0	0.0	0.0	8.0	0.0	0.0	3.0	7.0	0.0
metabat2.megahit.14_104_2	0.0	0.0	0.0	2.0	0.0	0.0	0.0	2.0	0.0
metabat2.megahit.14_105_1	0.0	0.0	0.0	0.0	0.0	0.0	0.0	0.0	0.0
metabat2.megahit.14_105_10	0.0	0.0	0.0	0.0	0.0	0.0	0.0	0.0	0.0
metabat2.megahit.14_105_11	0.0	0.0	0.0	0.0	0.0	0.0	0.0	0.0	0.0
metabat2.megahit.14_105_12	0.0	0.0	0.0	0.0	0.0	0.0	0.0	0.0	0.0
metabat2.megahit.14_105_13	0.0	0.0	0.0	0.0	0.0	0.0	0.0	0.0	0.0
metabat2.megahit.14_105_14	0.0	0.0	0.0	0.0	0.0	0.0	0.0	0.0	0.0
metabat2.megahit.14_105_15	21.0	0.0	0.0	8.0	0.0	0.0	5.0	23.0	0.0
metabat2.megahit.14_105_16	12.0	0.0	0.0	9.0	0.0	0.0	6.0	2.0	0.0
metabat2.megahit.14_105_17	9.0	0.0	0.0	2.0	0.0	0.0	2.0	5.0	0.0
metabat2.megahit.14_105_18	1.0	0.0	0.0	0.0	0.0	0.0	0.0	1.0	0.0
metabat2.megahit.14_105_19	2.0	0.0	0.0	0.0	0.0	0.0	0.0	3.0	0.0
metabat2.megahit.14_105_2	0.0	0.0	0.0	0.0	0.0	0.0	0.0	0.0	0.0
metabat2.megahit.14_105_20	2.0	0.0	0.0	1.0	0.0	0.0	0.0	1.0	0.0
metabat2.megahit.14_105_21	0.0	0.0	0.0	0.0	0.0	0.0	0.0	0.0	0.0
metabat2.megahit.14_105_3	0.0	0.0	0.0	0.0	0.0	0.0	0.0	0.0	0.0
metabat2.megahit.14_105_4	2.0	0.0	0.0	0.0	0.0	0.0	0.0	1.0	0.0
metabat2.megahit.14_105_5	1.0	0.0	0.0	1.0	0.0	0.0	0.0	1.0	0.0
metabat2.megahit.14_105_6	0.0	0.0	0.0	0.0	0.0	0.0	0.0	0.0	0.0
metabat2.megahit.14_105_7	0.0	0.0	0.0	0.0	0.0	0.0	0.0	0.0	0.0
metabat2.megahit.14_105_8	0.0	0.0	0.0	0.0	0.0	0.0	0.0	0.0	0.0
metabat2.megahit.14_105_9	0.0	0.0	0.0	0.0	0.0	0.0	0.0	0.0	0.0
metabat2.megahit.14_106_1	4.0	0.0	0.0	10.0	0.0	0.0	0.0	1.0	0.0
metabat2.megahit.14_106_10	2.0	0.0	0.0	0.0	0.0	0.0	0.0	0.0	0.0
metabat2.megahit.14_106_2	2.0	0.0	0.0	4.0	0.0	0.0	0.0	0.0	0.0
metabat2.megahit.14_106_3	2.0	0.0	0.0	2.0	0.0	0.0	0.0	3.0	0.0
metabat2.megahit.14_106_4	5.0	0.0	0.0	8.0	0.0	0.0	1.0	1.0	0.0
metabat2.megahit.14_106_5	14.0	0.0	0.0	9.0	0.0	0.0	4.0	8.0	1.0
metabat2.megahit.14_106_6	0.0	0.0	0.0	1.0	0.0	0.0	5.0	0.0	0.0
metabat2.megahit.14_106_7	29.0	0.0	0.0	31.0	0.0	0.0	6.0	11.0	0.0
metabat2.megahit.14_106_8	5.0	0.0	0.0	2.0	0.0	0.0	0.0	1.0	0.0
metabat2.megahit.14_106_9	4.0	0.0	0.0	2.0	0.0	0.0	3.0	1.0	0.0
metabat2.megahit.14_107_1	1.0	0.0	0.0	3.0	0.0	0.0	4.0	6.0	0.0
metabat2.megahit.14_107_10	0.0	0.0	0.0	0.0	0.0	0.0	0.0	0.0	0.0
metabat2.megahit.14_107_11	0.0	0.0	0.0	1.0	0.0	0.0	0.0	2.0	0.0
metabat2.megahit.14_107_12	10.0	0.0	0.0	8.0	0.0	0.0	3.0	2.0	0.0
metabat2.megahit.14_107_2	0.0	0.0	0.0	1.0	0.0	0.0	0.0	1.0	0.0
metabat2.megahit.14_107_3	3.0	0.0	0.0	5.0	0.0	0.0	0.0	2.0	0.0
metabat2.megahit.14_107_4	4.0	0.0	0.0	5.0	0.0	0.0	1.0	2.0	0.0
metabat2.megahit.14_107_5	10.0	0.0	0.0	7.0	0.0	0.0	0.0	2.0	0.0
metabat2.megahit.14_107_6	12.0	0.0	0.0	9.0	0.0	0.0	4.0	2.0	0.0
metabat2.megahit.14_107_7	0.0	0.0	0.0	0.0	0.0	0.0	0.0	0.0	0.0
metabat2.megahit.14_107_8	0.0	0.0	0.0	0.0	0.0	0.0	1.0	0.0	0.0
metabat2.megahit.14_107_9	6.0	0.0	0.0	12.0	0.0	0.0	5.0	5.0	0.0
metabat2.megahit.14_108_1	7.0	0.0	0.0	1.0	0.0	0.0	0.0	1.0	0.0
metabat2.megahit.14_108_2	15.0	0.0	0.0	2.0	0.0	0.0	0.0	1.0	0.0
metabat2.megahit.14_108_3	0.0	0.0	0.0	0.0	0.0	0.0	2.0	0.0	0.0
metabat2.megahit.14_108_4	8.0	0.0	0.0	8.0	2.0	0.0	3.0	9.0	0.0
metabat2.megahit.14_108_5	24.0	0.0	0.0	12.0	0.0	1.0	7.0	10.0	0.0
metabat2.megahit.14_108_6	0.0	0.0	0.0	0.0	0.0	0.0	0.0	0.0	0.0
metabat2.megahit.14_108_7	0.0	0.0	0.0	3.0	0.0	0.0	0.0	0.0	0.0
metabat2.megahit.14_108_8	1.0	0.0	0.0	0.0	0.0	0.0	0.0	0.0	0.0
metabat2.megahit.14_109_1	0.0	0.0	0.0	0.0	0.0	0.0	0.0	0.0	0.0
metabat2.megahit.14_109_2	1.0	0.0	0.0	4.0	0.0	0.0	0.0	1.0	0.0
metabat2.megahit.14_109_3	2.0	0.0	0.0	14.0	0.0	0.0	9.0	8.0	0.0
metabat2.megahit.14_109_4	1.0	0.0	0.0	0.0	0.0	0.0	0.0	0.0	0.0
metabat2.megahit.14_10_1	0.0	0.0	0.0	0.0	0.0	0.0	0.0	0.0	0.0
metabat2.megahit.14_10_2	0.0	0.0	0.0	0.0	0.0	0.0	0.0	1.0	0.0
metabat2.megahit.14_10_3	1.0	0.0	0.0	2.0	0.0	0.0	2.0	0.0	0.0
metabat2.megahit.14_10_4	0.0	0.0	0.0	4.0	0.0	0.0	2.0	6.0	0.0
metabat2.megahit.14_10_5	0.0	0.0	0.0	0.0	0.0	0.0	0.0	0.0	0.0
metabat2.megahit.14_10_6	4.0	0.0	0.0	1.0	0.0	0.0	1.0	1.0	0.0
metabat2.megahit.14_110_1	0.0	0.0	0.0	0.0	0.0	0.0	0.0	0.0	0.0
metabat2.megahit.14_110_2	7.0	0.0	0.0	12.0	0.0	0.0	2.0	6.0	0.0
metabat2.megahit.14_110_3	3.0	0.0	0.0	4.0	0.0	0.0	3.0	2.0	0.0
metabat2.megahit.14_111_1	0.0	0.0	0.0	0.0	0.0	0.0	0.0	0.0	0.0
metabat2.megahit.14_111_2	5.0	0.0	0.0	2.0	0.0	0.0	6.0	4.0	0.0
metabat2.megahit.14_112_1	2.0	0.0	0.0	7.0	0.0	0.0	2.0	1.0	0.0
metabat2.megahit.14_112_2	1.0	0.0	0.0	14.0	0.0	0.0	4.0	2.0	0.0
metabat2.megahit.14_112_3	7.0	0.0	0.0	8.0	0.0	0.0	5.0	5.0	0.0
metabat2.megahit.14_112_4	7.0	0.0	0.0	2.0	0.0	0.0	0.0	5.0	0.0
metabat2.megahit.14_113_1	1.0	0.0	0.0	3.0	0.0	0.0	0.0	0.0	0.0
metabat2.megahit.14_113_2	0.0	0.0	0.0	1.0	0.0	0.0	0.0	0.0	0.0
metabat2.megahit.14_113_3	5.0	0.0	0.0	7.0	0.0	0.0	4.0	3.0	0.0
metabat2.megahit.14_113_4	1.0	0.0	0.0	2.0	0.0	0.0	3.0	0.0	0.0
metabat2.megahit.14_113_5	2.0	0.0	0.0	3.0	0.0	0.0	1.0	2.0	0.0
metabat2.megahit.14_114_1	0.0	0.0	0.0	5.0	0.0	0.0	0.0	0.0	0.0
metabat2.megahit.14_114_2	5.0	0.0	0.0	7.0	0.0	0.0	0.0	0.0	0.0
metabat2.megahit.14_114_3	4.0	0.0	0.0	5.0	0.0	0.0	0.0	6.0	0.0
metabat2.megahit.14_115_1	0.0	0.0	0.0	5.0	0.0	0.0	3.0	0.0	0.0
metabat2.megahit.14_115_2	7.0	0.0	0.0	13.0	0.0	0.0	0.0	2.0	0.0
metabat2.megahit.14_115_3	5.0	0.0	0.0	13.0	0.0	0.0	0.0	6.0	0.0
metabat2.megahit.14_115_4	0.0	0.0	0.0	0.0	0.0	0.0	0.0	0.0	0.0
metabat2.megahit.14_116_1	2.0	0.0	0.0	0.0	0.0	0.0	0.0	0.0	0.0
metabat2.megahit.14_116_10	0.0	0.0	0.0	0.0	0.0	0.0	2.0	2.0	0.0
metabat2.megahit.14_116_11	2.0	0.0	0.0	3.0	0.0	0.0	0.0	1.0	0.0
metabat2.megahit.14_116_2	4.0	0.0	0.0	0.0	0.0	0.0	1.0	3.0	0.0
metabat2.megahit.14_116_3	0.0	0.0	0.0	0.0	0.0	0.0	0.0	0.0	0.0
metabat2.megahit.14_116_4	1.0	0.0	0.0	1.0	0.0	0.0	1.0	0.0	0.0
metabat2.megahit.14_116_5	5.0	0.0	0.0	1.0	0.0	0.0	1.0	4.0	0.0
metabat2.megahit.14_116_6	1.0	0.0	0.0	14.0	0.0	0.0	1.0	0.0	0.0
metabat2.megahit.14_116_7	1.0	0.0	0.0	0.0	0.0	0.0	5.0	0.0	0.0
metabat2.megahit.14_116_8	0.0	0.0	0.0	4.0	0.0	0.0	3.0	5.0	0.0
metabat2.megahit.14_116_9	0.0	0.0	0.0	4.0	0.0	0.0	0.0	0.0	0.0
metabat2.megahit.14_117_1	1.0	0.0	0.0	1.0	0.0	0.0	0.0	1.0	0.0
metabat2.megahit.14_117_10	8.0	0.0	0.0	17.0	0.0	1.0	8.0	8.0	0.0
metabat2.megahit.14_117_11	0.0	0.0	0.0	0.0	0.0	0.0	0.0	0.0	0.0
metabat2.megahit.14_117_12	0.0	0.0	0.0	0.0	0.0	0.0	0.0	0.0	0.0
metabat2.megahit.14_117_13	1.0	0.0	0.0	0.0	0.0	0.0	1.0	1.0	0.0
metabat2.megahit.14_117_14	0.0	0.0	0.0	1.0	0.0	0.0	0.0	0.0	0.0
metabat2.megahit.14_117_2	1.0	0.0	0.0	0.0	0.0	0.0	1.0	1.0	0.0
metabat2.megahit.14_117_3	2.0	0.0	0.0	4.0	0.0	0.0	0.0	3.0	0.0
metabat2.megahit.14_117_4	0.0	0.0	0.0	0.0	0.0	0.0	0.0	0.0	0.0
metabat2.megahit.14_117_5	2.0	0.0	0.0	3.0	0.0	0.0	0.0	2.0	0.0
metabat2.megahit.14_117_6	4.0	0.0	0.0	4.0	0.0	0.0	5.0	3.0	0.0
metabat2.megahit.14_117_7	0.0	0.0	0.0	1.0	0.0	0.0	0.0	1.0	0.0
metabat2.megahit.14_117_8	20.0	0.0	0.0	20.0	0.0	0.0	9.0	4.0	0.0
metabat2.megahit.14_117_9	0.0	0.0	0.0	0.0	0.0	0.0	0.0	0.0	0.0
metabat2.megahit.14_118_1	0.0	0.0	0.0	0.0	0.0	0.0	0.0	0.0	0.0
metabat2.megahit.14_118_2	13.0	0.0	0.0	13.0	0.0	0.0	3.0	6.0	0.0
metabat2.megahit.14_118_3	4.0	0.0	0.0	3.0	0.0	0.0	2.0	7.0	0.0
metabat2.megahit.14_118_4	1.0	0.0	0.0	0.0	0.0	0.0	1.0	0.0	0.0
metabat2.megahit.14_118_5	1.0	0.0	0.0	2.0	0.0	0.0	2.0	1.0	0.0
metabat2.megahit.14_118_6	1.0	0.0	0.0	4.0	0.0	0.0	0.0	3.0	0.0
metabat2.megahit.14_118_7	2.0	0.0	0.0	2.0	0.0	0.0	3.0	3.0	0.0
metabat2.megahit.14_118_8	0.0	0.0	0.0	1.0	0.0	0.0	0.0	3.0	0.0
metabat2.megahit.14_119_1	0.0	0.0	0.0	0.0	0.0	0.0	0.0	0.0	0.0
metabat2.megahit.14_119_2	3.0	0.0	0.0	7.0	0.0	0.0	5.0	4.0	0.0
metabat2.megahit.14_119_3	1.0	0.0	0.0	9.0	0.0	0.0	1.0	2.0	0.0
metabat2.megahit.14_119_4	0.0	0.0	0.0	0.0	0.0	0.0	0.0	0.0	0.0
metabat2.megahit.14_119_5	0.0	0.0	0.0	0.0	0.0	0.0	0.0	0.0	0.0
metabat2.megahit.14_119_6	1.0	0.0	0.0	0.0	0.0	0.0	0.0	0.0	0.0
metabat2.megahit.14_119_7	0.0	0.0	0.0	1.0	0.0	0.0	1.0	0.0	0.0
metabat2.megahit.14_11_1	0.0	0.0	0.0	0.0	0.0	0.0	0.0	1.0	0.0
metabat2.megahit.14_11_2	0.0	0.0	0.0	1.0	0.0	0.0	0.0	0.0	0.0
metabat2.megahit.14_11_3	0.0	0.0	0.0	0.0	0.0	0.0	0.0	0.0	0.0
metabat2.megahit.14_11_4	0.0	0.0	0.0	0.0	0.0	0.0	0.0	1.0	0.0
metabat2.megahit.14_11_5	0.0	0.0	0.0	0.0	0.0	0.0	0.0	0.0	0.0
metabat2.megahit.14_120_1	18.0	0.0	0.0	11.0	0.0	0.0	8.0	4.0	0.0
metabat2.megahit.14_121_1	7.0	0.0	0.0	0.0	0.0	0.0	0.0	1.0	0.0
metabat2.megahit.14_121_10	17.0	0.0	0.0	23.0	0.0	0.0	6.0	14.0	0.0
metabat2.megahit.14_121_11	6.0	0.0	0.0	8.0	0.0	0.0	3.0	6.0	0.0
metabat2.megahit.14_121_12	5.0	0.0	0.0	4.0	0.0	0.0	1.0	0.0	0.0
metabat2.megahit.14_121_13	1.0	0.0	0.0	2.0	0.0	0.0	0.0	5.0	0.0
metabat2.megahit.14_121_14	3.0	0.0	0.0	1.0	0.0	0.0	1.0	7.0	0.0
metabat2.megahit.14_121_15	1.0	0.0	0.0	0.0	0.0	0.0	1.0	5.0	0.0
metabat2.megahit.14_121_16	0.0	0.0	0.0	0.0	0.0	0.0	0.0	0.0	0.0
metabat2.megahit.14_121_2	4.0	0.0	0.0	5.0	0.0	0.0	1.0	4.0	0.0
metabat2.megahit.14_121_3	2.0	0.0	0.0	0.0	0.0	0.0	4.0	3.0	0.0
metabat2.megahit.14_121_4	1.0	0.0	0.0	1.0	0.0	0.0	0.0	1.0	0.0
metabat2.megahit.14_121_5	2.0	0.0	0.0	3.0	0.0	0.0	1.0	7.0	0.0
metabat2.megahit.14_121_6	12.0	0.0	0.0	18.0	0.0	0.0	1.0	12.0	0.0
metabat2.megahit.14_121_7	0.0	0.0	0.0	3.0	0.0	0.0	0.0	0.0	0.0
metabat2.megahit.14_121_8	0.0	0.0	0.0	0.0	0.0	0.0	0.0	0.0	0.0
metabat2.megahit.14_121_9	0.0	0.0	0.0	5.0	0.0	0.0	0.0	0.0	0.0
metabat2.megahit.14_122_1	1.0	0.0	0.0	0.0	0.0	0.0	0.0	0.0	0.0
metabat2.megahit.14_122_2	0.0	0.0	0.0	0.0	0.0	0.0	0.0	1.0	0.0
metabat2.megahit.14_122_3	1.0	0.0	0.0	1.0	0.0	0.0	0.0	0.0	0.0
metabat2.megahit.14_122_4	0.0	0.0	0.0	0.0	0.0	0.0	0.0	0.0	0.0
metabat2.megahit.14_122_5	1.0	0.0	0.0	1.0	0.0	0.0	0.0	0.0	0.0
metabat2.megahit.14_123_1	5.0	0.0	0.0	1.0	0.0	0.0	1.0	0.0	0.0
metabat2.megahit.14_123_2	1.0	0.0	0.0	4.0	0.0	0.0	0.0	3.0	0.0
metabat2.megahit.14_123_3	2.0	0.0	0.0	0.0	0.0	0.0	0.0	0.0	0.0
metabat2.megahit.14_123_4	0.0	0.0	0.0	0.0	0.0	0.0	0.0	0.0	0.0
metabat2.megahit.14_123_5	8.0	0.0	0.0	4.0	0.0	0.0	1.0	2.0	0.0
metabat2.megahit.14_123_6	15.0	0.0	0.0	7.0	0.0	0.0	5.0	18.0	0.0
metabat2.megahit.14_123_7	14.0	0.0	0.0	16.0	0.0	0.0	1.0	10.0	0.0
metabat2.megahit.14_123_8	9.0	0.0	0.0	1.0	0.0	0.0	2.0	2.0	0.0
metabat2.megahit.14_123_9	4.0	0.0	0.0	11.0	0.0	0.0	0.0	3.0	0.0
metabat2.megahit.14_124_1	3.0	0.0	0.0	4.0	0.0	0.0	3.0	2.0	0.0
metabat2.megahit.14_124_2	4.0	0.0	0.0	7.0	0.0	0.0	1.0	1.0	0.0
metabat2.megahit.14_124_3	1.0	0.0	0.0	2.0	0.0	0.0	0.0	0.0	0.0
metabat2.megahit.14_125_1	5.0	0.0	0.0	6.0	0.0	0.0	1.0	1.0	0.0
metabat2.megahit.14_125_2	11.0	0.0	0.0	7.0	0.0	0.0	1.0	6.0	0.0
metabat2.megahit.14_125_3	1.0	0.0	0.0	1.0	0.0	0.0	0.0	2.0	0.0
metabat2.megahit.14_125_4	0.0	0.0	0.0	0.0	0.0	0.0	0.0	0.0	0.0
metabat2.megahit.14_125_5	3.0	0.0	0.0	4.0	0.0	0.0	1.0	1.0	0.0
metabat2.megahit.14_126_1	0.0	0.0	0.0	0.0	0.0	0.0	0.0	0.0	0.0
metabat2.megahit.14_126_10	0.0	0.0	0.0	0.0	0.0	0.0	0.0	0.0	0.0
metabat2.megahit.14_126_11	0.0	0.0	0.0	0.0	0.0	0.0	0.0	0.0	0.0
metabat2.megahit.14_126_12	0.0	0.0	0.0	3.0	0.0	1.0	0.0	1.0	0.0
metabat2.megahit.14_126_13	0.0	0.0	0.0	0.0	0.0	0.0	0.0	0.0	0.0
metabat2.megahit.14_126_14	1.0	0.0	0.0	0.0	0.0	0.0	0.0	0.0	0.0
metabat2.megahit.14_126_15	3.0	0.0	0.0	8.0	0.0	0.0	0.0	4.0	0.0
metabat2.megahit.14_126_16	0.0	0.0	0.0	0.0	0.0	0.0	0.0	0.0	0.0
metabat2.megahit.14_126_2	0.0	0.0	0.0	0.0	0.0	0.0	0.0	0.0	0.0
metabat2.megahit.14_126_3	0.0	0.0	0.0	0.0	0.0	0.0	0.0	0.0	0.0
metabat2.megahit.14_126_4	0.0	0.0	0.0	0.0	0.0	0.0	0.0	0.0	0.0
metabat2.megahit.14_126_5	0.0	0.0	0.0	0.0	0.0	0.0	0.0	0.0	0.0
metabat2.megahit.14_126_6	0.0	0.0	0.0	0.0	0.0	0.0	0.0	1.0	0.0
metabat2.megahit.14_126_7	0.0	0.0	0.0	0.0	0.0	0.0	0.0	0.0	0.0
metabat2.megahit.14_126_8	6.0	0.0	0.0	7.0	0.0	0.0	2.0	7.0	0.0
metabat2.megahit.14_126_9	0.0	0.0	0.0	0.0	0.0	0.0	0.0	0.0	0.0
metabat2.megahit.14_127_1	2.0	0.0	0.0	4.0	0.0	0.0	0.0	1.0	0.0
metabat2.megahit.14_127_10	4.0	0.0	0.0	6.0	0.0	0.0	0.0	4.0	0.0
metabat2.megahit.14_127_2	2.0	0.0	0.0	5.0	0.0	0.0	1.0	1.0	0.0
metabat2.megahit.14_127_3	0.0	0.0	0.0	1.0	0.0	0.0	0.0	0.0	0.0
metabat2.megahit.14_127_4	15.0	0.0	0.0	6.0	0.0	0.0	2.0	14.0	0.0
metabat2.megahit.14_127_5	0.0	0.0	0.0	0.0	0.0	0.0	0.0	1.0	0.0
metabat2.megahit.14_127_6	0.0	0.0	0.0	0.0	0.0	0.0	0.0	0.0	0.0
metabat2.megahit.14_127_7	0.0	0.0	0.0	0.0	0.0	0.0	0.0	1.0	0.0
metabat2.megahit.14_127_8	0.0	0.0	0.0	1.0	0.0	0.0	0.0	0.0	0.0
metabat2.megahit.14_127_9	0.0	0.0	0.0	2.0	0.0	0.0	0.0	3.0	0.0
metabat2.megahit.14_128_1	0.0	0.0	0.0	0.0	0.0	0.0	0.0	0.0	0.0
metabat2.megahit.14_128_2	6.0	0.0	0.0	12.0	0.0	0.0	7.0	6.0	0.0
metabat2.megahit.14_128_3	0.0	0.0	0.0	0.0	0.0	0.0	0.0	0.0	0.0
metabat2.megahit.14_129_1	3.0	0.0	0.0	12.0	0.0	0.0	1.0	3.0	0.0
metabat2.megahit.14_129_2	0.0	0.0	0.0	0.0	0.0	0.0	0.0	0.0	0.0
metabat2.megahit.14_129_3	0.0	0.0	0.0	0.0	0.0	0.0	0.0	0.0	0.0
metabat2.megahit.14_129_4	2.0	0.0	0.0	0.0	0.0	0.0	0.0	0.0	0.0
metabat2.megahit.14_129_5	0.0	0.0	0.0	0.0	0.0	0.0	0.0	0.0	0.0
metabat2.megahit.14_129_6	2.0	0.0	0.0	4.0	0.0	0.0	4.0	3.0	0.0
metabat2.megahit.14_12_1	0.0	0.0	0.0	0.0	0.0	0.0	0.0	0.0	0.0
metabat2.megahit.14_12_2	15.0	0.0	0.0	12.0	0.0	0.0	4.0	3.0	0.0
metabat2.megahit.14_12_3	19.0	0.0	0.0	5.0	0.0	0.0	0.0	7.0	0.0
metabat2.megahit.14_12_4	26.0	0.0	0.0	15.0	0.0	0.0	11.0	10.0	0.0
metabat2.megahit.14_12_5	6.0	0.0	0.0	0.0	0.0	0.0	3.0	0.0	0.0
metabat2.megahit.14_12_6	3.0	0.0	0.0	2.0	0.0	0.0	1.0	1.0	0.0
metabat2.megahit.14_130_1	8.0	0.0	0.0	1.0	0.0	0.0	4.0	2.0	0.0
metabat2.megahit.14_130_2	2.0	0.0	0.0	3.0	0.0	0.0	1.0	1.0	0.0
metabat2.megahit.14_130_3	0.0	0.0	0.0	0.0	0.0	0.0	0.0	0.0	0.0
metabat2.megahit.14_131_1	9.0	0.0	0.0	8.0	0.0	0.0	3.0	5.0	0.0
metabat2.megahit.14_131_2	5.0	0.0	0.0	9.0	0.0	0.0	2.0	0.0	0.0
metabat2.megahit.14_131_3	10.0	0.0	0.0	4.0	0.0	0.0	4.0	4.0	0.0
metabat2.megahit.14_131_4	5.0	0.0	0.0	10.0	0.0	0.0	1.0	6.0	0.0
metabat2.megahit.14_131_5	2.0	0.0	0.0	2.0	0.0	0.0	0.0	2.0	0.0
metabat2.megahit.14_131_6	2.0	0.0	0.0	1.0	0.0	0.0	2.0	3.0	0.0
metabat2.megahit.14_131_7	5.0	0.0	0.0	5.0	0.0	0.0	0.0	3.0	0.0
metabat2.megahit.14_131_8	1.0	0.0	0.0	0.0	0.0	0.0	0.0	0.0	0.0
metabat2.megahit.14_132_1	2.0	0.0	0.0	4.0	0.0	0.0	2.0	5.0	0.0
metabat2.megahit.14_132_2	0.0	0.0	0.0	4.0	0.0	0.0	1.0	0.0	0.0
metabat2.megahit.14_132_3	6.0	0.0	0.0	1.0	0.0	0.0	1.0	4.0	0.0
metabat2.megahit.14_132_4	1.0	0.0	0.0	0.0	0.0	0.0	0.0	0.0	0.0
metabat2.megahit.14_133_1	4.0	0.0	0.0	0.0	0.0	0.0	0.0	0.0	0.0
metabat2.megahit.14_133_2	0.0	0.0	0.0	1.0	0.0	0.0	0.0	2.0	0.0
metabat2.megahit.14_133_3	1.0	0.0	0.0	5.0	0.0	0.0	0.0	8.0	0.0
metabat2.megahit.14_133_4	0.0	0.0	0.0	1.0	0.0	0.0	0.0	1.0	0.0
metabat2.megahit.14_133_5	0.0	0.0	0.0	1.0	0.0	0.0	0.0	0.0	0.0
metabat2.megahit.14_133_6	7.0	0.0	0.0	4.0	0.0	0.0	1.0	6.0	0.0
metabat2.megahit.14_133_7	0.0	0.0	0.0	0.0	0.0	0.0	0.0	0.0	0.0
metabat2.megahit.14_134_1	25.0	0.0	0.0	33.0	0.0	0.0	15.0	24.0	0.0
metabat2.megahit.14_134_10	17.0	0.0	0.0	15.0	0.0	0.0	3.0	1.0	0.0
metabat2.megahit.14_134_11	0.0	0.0	0.0	8.0	0.0	0.0	2.0	2.0	0.0
metabat2.megahit.14_134_12	4.0	0.0	0.0	7.0	0.0	0.0	3.0	14.0	0.0
metabat2.megahit.14_134_13	25.0	0.0	0.0	27.0	0.0	0.0	12.0	18.0	0.0
metabat2.megahit.14_134_2	12.0	0.0	0.0	8.0	0.0	0.0	5.0	7.0	0.0
metabat2.megahit.14_134_3	6.0	0.0	0.0	11.0	0.0	0.0	6.0	12.0	0.0
metabat2.megahit.14_134_4	8.0	0.0	0.0	14.0	0.0	0.0	6.0	3.0	0.0
metabat2.megahit.14_134_5	11.0	0.0	0.0	10.0	0.0	0.0	5.0	11.0	0.0
metabat2.megahit.14_134_6	23.0	0.0	0.0	25.0	0.0	0.0	6.0	18.0	0.0
metabat2.megahit.14_134_7	1.0	0.0	0.0	3.0	0.0	0.0	1.0	1.0	0.0
metabat2.megahit.14_134_8	1.0	0.0	0.0	2.0	0.0	0.0	0.0	1.0	0.0
metabat2.megahit.14_134_9	0.0	0.0	0.0	0.0	0.0	0.0	0.0	0.0	0.0
metabat2.megahit.14_135_1	2.0	0.0	0.0	1.0	0.0	0.0	0.0	5.0	0.0
metabat2.megahit.14_135_2	41.0	0.0	0.0	35.0	0.0	0.0	10.0	11.0	0.0
metabat2.megahit.14_135_3	8.0	0.0	0.0	14.0	0.0	0.0	2.0	5.0	0.0
metabat2.megahit.14_135_4	11.0	0.0	0.0	11.0	0.0	0.0	4.0	8.0	0.0
metabat2.megahit.14_135_5	5.0	0.0	0.0	9.0	0.0	0.0	1.0	3.0	0.0
metabat2.megahit.14_136_1	0.0	0.0	0.0	0.0	0.0	0.0	0.0	1.0	0.0
metabat2.megahit.14_136_2	2.0	0.0	0.0	3.0	0.0	0.0	1.0	1.0	0.0
metabat2.megahit.14_136_3	0.0	0.0	0.0	0.0	0.0	0.0	0.0	0.0	0.0
metabat2.megahit.14_136_4	0.0	0.0	0.0	0.0	0.0	0.0	0.0	0.0	0.0
metabat2.megahit.14_136_5	0.0	0.0	0.0	0.0	0.0	0.0	0.0	0.0	0.0
metabat2.megahit.14_137_1	1.0	0.0	0.0	0.0	0.0	0.0	0.0	0.0	0.0
metabat2.megahit.14_137_2	4.0	0.0	0.0	15.0	0.0	0.0	1.0	7.0	0.0
metabat2.megahit.14_137_3	3.0	0.0	0.0	11.0	0.0	0.0	1.0	3.0	0.0
metabat2.megahit.14_137_4	4.0	0.0	0.0	8.0	0.0	0.0	2.0	6.0	0.0
metabat2.megahit.14_137_5	0.0	0.0	0.0	2.0	0.0	0.0	0.0	0.0	0.0
metabat2.megahit.14_138_1	10.0	0.0	0.0	3.0	0.0	0.0	0.0	1.0	0.0
metabat2.megahit.14_138_2	0.0	0.0	0.0	0.0	0.0	0.0	0.0	0.0	0.0
metabat2.megahit.14_138_3	7.0	0.0	0.0	2.0	0.0	0.0	3.0	5.0	0.0
metabat2.megahit.14_139_1	2.0	0.0	0.0	1.0	0.0	0.0	0.0	0.0	0.0
metabat2.megahit.14_139_2	0.0	0.0	0.0	0.0	0.0	0.0	0.0	1.0	0.0
metabat2.megahit.14_139_3	0.0	0.0	0.0	2.0	0.0	0.0	0.0	1.0	0.0
metabat2.megahit.14_139_4	8.0	0.0	0.0	12.0	0.0	0.0	0.0	4.0	0.0
metabat2.megahit.14_13_1	1.0	0.0	0.0	3.0	0.0	0.0	0.0	1.0	0.0
metabat2.megahit.14_13_2	0.0	0.0	0.0	0.0	0.0	0.0	0.0	1.0	0.0
metabat2.megahit.14_13_3	3.0	0.0	0.0	6.0	0.0	0.0	3.0	1.0	0.0
metabat2.megahit.14_13_4	0.0	0.0	0.0	2.0	0.0	0.0	2.0	1.0	0.0
metabat2.megahit.14_13_5	4.0	0.0	0.0	1.0	0.0	0.0	1.0	1.0	0.0
metabat2.megahit.14_13_6	4.0	0.0	0.0	2.0	0.0	0.0	1.0	3.0	0.0
metabat2.megahit.14_140_1	9.0	0.0	0.0	7.0	0.0	0.0	6.0	3.0	0.0
metabat2.megahit.14_140_2	1.0	0.0	0.0	0.0	0.0	0.0	0.0	3.0	0.0
metabat2.megahit.14_140_3	0.0	0.0	0.0	2.0	0.0	0.0	0.0	2.0	0.0
metabat2.megahit.14_141_1	0.0	0.0	0.0	1.0	0.0	0.0	0.0	1.0	0.0
metabat2.megahit.14_141_2	0.0	0.0	0.0	0.0	0.0	0.0	0.0	0.0	0.0
metabat2.megahit.14_141_3	0.0	0.0	0.0	0.0	0.0	0.0	0.0	0.0	0.0
metabat2.megahit.14_142_1	1.0	0.0	0.0	1.0	0.0	0.0	0.0	1.0	0.0
metabat2.megahit.14_142_2	24.0	0.0	0.0	21.0	0.0	0.0	16.0	8.0	0.0
metabat2.megahit.14_142_3	0.0	0.0	0.0	0.0	0.0	0.0	0.0	1.0	0.0
metabat2.megahit.14_142_4	0.0	0.0	0.0	0.0	0.0	0.0	0.0	0.0	0.0
metabat2.megahit.14_143_1	2.0	0.0	0.0	2.0	0.0	0.0	0.0	0.0	0.0
metabat2.megahit.14_143_2	0.0	0.0	0.0	0.0	0.0	0.0	0.0	2.0	0.0
metabat2.megahit.14_143_3	0.0	0.0	0.0	3.0	0.0	0.0	0.0	5.0	0.0
metabat2.megahit.14_143_4	0.0	0.0	0.0	0.0	0.0	0.0	0.0	1.0	0.0
metabat2.megahit.14_144_1	1.0	0.0	0.0	1.0	0.0	0.0	0.0	1.0	0.0
metabat2.megahit.14_144_10	2.0	0.0	0.0	0.0	0.0	0.0	2.0	3.0	0.0
metabat2.megahit.14_144_11	2.0	0.0	0.0	2.0	0.0	0.0	0.0	4.0	0.0
metabat2.megahit.14_144_12	1.0	0.0	0.0	1.0	0.0	0.0	1.0	0.0	0.0
metabat2.megahit.14_144_13	0.0	0.0	0.0	1.0	0.0	0.0	0.0	0.0	0.0
metabat2.megahit.14_144_14	9.0	0.0	0.0	11.0	0.0	0.0	2.0	12.0	0.0
metabat2.megahit.14_144_15	7.0	0.0	0.0	3.0	0.0	0.0	1.0	5.0	0.0
metabat2.megahit.14_144_16	3.0	0.0	0.0	3.0	0.0	0.0	0.0	1.0	0.0
metabat2.megahit.14_144_2	0.0	0.0	0.0	0.0	0.0	0.0	0.0	0.0	0.0
metabat2.megahit.14_144_3	1.0	0.0	0.0	0.0	0.0	0.0	0.0	1.0	0.0
metabat2.megahit.14_144_4	0.0	0.0	0.0	0.0	0.0	0.0	0.0	0.0	0.0
metabat2.megahit.14_144_5	0.0	0.0	0.0	0.0	0.0	0.0	0.0	0.0	0.0
metabat2.megahit.14_144_6	0.0	0.0	0.0	0.0	0.0	0.0	2.0	1.0	0.0
metabat2.megahit.14_144_7	7.0	0.0	0.0	4.0	0.0	0.0	0.0	1.0	0.0
metabat2.megahit.14_144_8	6.0	0.0	0.0	3.0	0.0	0.0	0.0	0.0	0.0
metabat2.megahit.14_144_9	0.0	0.0	0.0	0.0	0.0	0.0	0.0	0.0	0.0
metabat2.megahit.14_145_1	5.0	0.0	0.0	0.0	0.0	0.0	0.0	0.0	0.0
metabat2.megahit.14_146_1	62.0	0.0	0.0	12.0	0.0	0.0	18.0	32.0	0.0
metabat2.megahit.14_146_2	0.0	0.0	0.0	1.0	0.0	0.0	0.0	1.0	0.0
metabat2.megahit.14_146_3	0.0	0.0	0.0	0.0	0.0	0.0	1.0	0.0	0.0
metabat2.megahit.14_147_1	25.0	1.0	0.0	19.0	0.0	0.0	5.0	14.0	0.0
metabat2.megahit.14_147_10	3.0	0.0	0.0	0.0	0.0	0.0	0.0	0.0	0.0
metabat2.megahit.14_147_11	1.0	0.0	0.0	0.0	0.0	0.0	0.0	1.0	0.0
metabat2.megahit.14_147_12	192.0	0.0	0.0	24.0	0.0	0.0	31.0	83.0	0.0
metabat2.megahit.14_147_13	0.0	0.0	0.0	0.0	0.0	0.0	1.0	0.0	0.0
metabat2.megahit.14_147_2	11.0	0.0	0.0	4.0	0.0	0.0	2.0	14.0	0.0
metabat2.megahit.14_147_3	6.0	0.0	0.0	9.0	0.0	0.0	4.0	2.0	0.0
metabat2.megahit.14_147_4	21.0	0.0	0.0	4.0	0.0	0.0	0.0	9.0	0.0
metabat2.megahit.14_147_5	0.0	0.0	0.0	0.0	0.0	0.0	0.0	0.0	0.0
metabat2.megahit.14_147_6	14.0	0.0	0.0	8.0	0.0	0.0	5.0	13.0	0.0
metabat2.megahit.14_147_7	10.0	0.0	0.0	3.0	0.0	0.0	3.0	5.0	0.0
metabat2.megahit.14_147_8	6.0	0.0	0.0	2.0	0.0	0.0	1.0	9.0	0.0
metabat2.megahit.14_147_9	1.0	0.0	0.0	1.0	0.0	0.0	0.0	1.0	0.0
metabat2.megahit.14_148_1	4.0	0.0	0.0	1.0	0.0	0.0	0.0	2.0	0.0
metabat2.megahit.14_148_2	6.0	0.0	0.0	2.0	0.0	0.0	2.0	1.0	0.0
metabat2.megahit.14_148_3	0.0	0.0	0.0	0.0	0.0	0.0	0.0	0.0	0.0
metabat2.megahit.14_149_1	0.0	0.0	0.0	0.0	0.0	0.0	0.0	0.0	0.0
metabat2.megahit.14_149_2	1.0	0.0	0.0	0.0	0.0	0.0	0.0	2.0	0.0
metabat2.megahit.14_149_3	0.0	0.0	0.0	1.0	0.0	0.0	0.0	0.0	0.0
metabat2.megahit.14_14_1	0.0	0.0	0.0	2.0	0.0	0.0	1.0	3.0	0.0
metabat2.megahit.14_14_2	71.0	0.0	0.0	20.0	0.0	0.0	26.0	60.0	0.0
metabat2.megahit.14_14_3	1.0	0.0	0.0	1.0	0.0	0.0	1.0	2.0	0.0
metabat2.megahit.14_14_4	3.0	0.0	0.0	9.0	0.0	0.0	1.0	6.0	0.0
metabat2.megahit.14_14_5	15.0	0.0	0.0	8.0	0.0	0.0	3.0	15.0	0.0
metabat2.megahit.14_150_1	0.0	0.0	0.0	6.0	0.0	0.0	5.0	4.0	0.0
metabat2.megahit.14_150_2	9.0	0.0	0.0	12.0	0.0	0.0	3.0	10.0	0.0
metabat2.megahit.14_150_3	9.0	0.0	0.0	17.0	0.0	0.0	9.0	14.0	0.0
metabat2.megahit.14_150_4	0.0	0.0	0.0	4.0	0.0	0.0	0.0	1.0	0.0
metabat2.megahit.14_150_5	11.0	0.0	0.0	7.0	0.0	0.0	0.0	1.0	0.0
metabat2.megahit.14_150_6	0.0	0.0	0.0	0.0	0.0	0.0	0.0	0.0	0.0
metabat2.megahit.14_150_7	0.0	0.0	0.0	1.0	0.0	0.0	1.0	1.0	0.0
metabat2.megahit.14_150_8	0.0	0.0	0.0	0.0	0.0	0.0	1.0	0.0	0.0
metabat2.megahit.14_151_1	0.0	0.0	0.0	0.0	0.0	0.0	0.0	0.0	0.0
metabat2.megahit.14_151_2	0.0	0.0	0.0	2.0	0.0	0.0	0.0	0.0	0.0
metabat2.megahit.14_151_3	0.0	0.0	0.0	1.0	0.0	0.0	0.0	2.0	0.0
metabat2.megahit.14_152_1	1.0	0.0	0.0	0.0	0.0	0.0	0.0	0.0	0.0
metabat2.megahit.14_152_2	0.0	0.0	0.0	1.0	0.0	0.0	0.0	1.0	0.0
metabat2.megahit.14_152_3	0.0	0.0	0.0	0.0	0.0	0.0	0.0	0.0	0.0
metabat2.megahit.14_152_4	1.0	0.0	0.0	5.0	0.0	0.0	1.0	0.0	0.0
metabat2.megahit.14_152_5	5.0	0.0	0.0	2.0	0.0	0.0	2.0	1.0	0.0
metabat2.megahit.14_152_6	4.0	0.0	0.0	4.0	0.0	0.0	1.0	2.0	0.0
metabat2.megahit.14_152_7	13.0	0.0	0.0	12.0	0.0	0.0	3.0	6.0	0.0
metabat2.megahit.14_152_8	0.0	0.0	0.0	3.0	0.0	0.0	0.0	0.0	0.0
metabat2.megahit.14_153_1	15.0	0.0	0.0	4.0	0.0	0.0	5.0	7.0	0.0
metabat2.megahit.14_153_2	3.0	0.0	0.0	5.0	0.0	0.0	0.0	0.0	0.0
metabat2.megahit.14_154_1	1.0	0.0	0.0	0.0	0.0	0.0	0.0	0.0	0.0
metabat2.megahit.14_154_10	0.0	0.0	0.0	0.0	0.0	0.0	0.0	0.0	0.0
metabat2.megahit.14_154_11	0.0	0.0	0.0	0.0	0.0	0.0	0.0	0.0	0.0
metabat2.megahit.14_154_12	0.0	0.0	0.0	0.0	0.0	0.0	0.0	0.0	0.0
metabat2.megahit.14_154_13	0.0	0.0	0.0	1.0	0.0	0.0	0.0	0.0	0.0
metabat2.megahit.14_154_2	0.0	0.0	0.0	1.0	0.0	0.0	0.0	3.0	0.0
metabat2.megahit.14_154_3	1.0	0.0	0.0	1.0	0.0	0.0	1.0	0.0	0.0
metabat2.megahit.14_154_4	3.0	0.0	0.0	7.0	0.0	0.0	4.0	0.0	1.0
metabat2.megahit.14_154_5	1.0	0.0	0.0	0.0	0.0	0.0	1.0	2.0	0.0
metabat2.megahit.14_154_6	5.0	0.0	0.0	3.0	0.0	0.0	3.0	2.0	0.0
metabat2.megahit.14_154_7	0.0	0.0	0.0	0.0	0.0	0.0	0.0	0.0	0.0
metabat2.megahit.14_154_8	8.0	0.0	0.0	4.0	0.0	0.0	0.0	4.0	0.0
metabat2.megahit.14_154_9	1.0	0.0	0.0	0.0	0.0	0.0	0.0	0.0	0.0
metabat2.megahit.14_155_1	0.0	0.0	0.0	0.0	0.0	0.0	0.0	0.0	0.0
metabat2.megahit.14_155_2	1.0	0.0	0.0	2.0	0.0	0.0	2.0	0.0	0.0
metabat2.megahit.14_155_3	4.0	0.0	0.0	1.0	0.0	0.0	0.0	2.0	0.0
metabat2.megahit.14_155_4	4.0	0.0	0.0	4.0	0.0	0.0	1.0	0.0	0.0
metabat2.megahit.14_155_5	3.0	0.0	0.0	2.0	0.0	0.0	0.0	2.0	0.0
metabat2.megahit.14_155_6	3.0	0.0	0.0	2.0	0.0	0.0	0.0	0.0	0.0
metabat2.megahit.14_156_1	0.0	0.0	0.0	0.0	0.0	0.0	0.0	0.0	0.0
metabat2.megahit.14_156_2	0.0	0.0	0.0	0.0	0.0	0.0	1.0	2.0	0.0
metabat2.megahit.14_156_3	8.0	0.0	0.0	6.0	0.0	0.0	1.0	2.0	0.0
metabat2.megahit.14_156_4	14.0	0.0	0.0	19.0	0.0	0.0	10.0	10.0	0.0
metabat2.megahit.14_156_5	9.0	0.0	0.0	4.0	0.0	0.0	7.0	7.0	0.0
metabat2.megahit.14_156_6	9.0	0.0	0.0	12.0	0.0	0.0	5.0	14.0	0.0
metabat2.megahit.14_156_7	0.0	0.0	0.0	0.0	0.0	0.0	0.0	0.0	0.0
metabat2.megahit.14_156_8	0.0	0.0	0.0	0.0	0.0	0.0	0.0	0.0	0.0
metabat2.megahit.14_156_9	0.0	0.0	0.0	0.0	0.0	0.0	0.0	0.0	0.0
metabat2.megahit.14_157_1	9.0	0.0	0.0	9.0	0.0	0.0	3.0	21.0	0.0
metabat2.megahit.14_157_2	14.0	0.0	0.0	9.0	0.0	0.0	5.0	16.0	0.0
metabat2.megahit.14_157_3	8.0	0.0	0.0	11.0	0.0	0.0	1.0	11.0	0.0
metabat2.megahit.14_157_4	56.0	0.0	0.0	15.0	0.0	0.0	12.0	39.0	0.0
metabat2.megahit.14_158_1	3.0	0.0	0.0	0.0	0.0	0.0	1.0	2.0	0.0
metabat2.megahit.14_158_2	1.0	0.0	0.0	0.0	0.0	0.0	1.0	0.0	0.0
metabat2.megahit.14_158_3	0.0	0.0	0.0	0.0	0.0	0.0	0.0	0.0	0.0
metabat2.megahit.14_159_1	1.0	0.0	0.0	2.0	0.0	0.0	0.0	0.0	0.0
metabat2.megahit.14_15_1	0.0	0.0	0.0	0.0	0.0	0.0	0.0	0.0	0.0
metabat2.megahit.14_15_10	0.0	0.0	0.0	0.0	0.0	0.0	0.0	3.0	0.0
metabat2.megahit.14_15_11	2.0	0.0	0.0	7.0	0.0	0.0	3.0	10.0	0.0
metabat2.megahit.14_15_12	1.0	0.0	0.0	5.0	0.0	0.0	2.0	4.0	0.0
metabat2.megahit.14_15_13	2.0	0.0	0.0	4.0	0.0	0.0	0.0	1.0	0.0
metabat2.megahit.14_15_2	4.0	0.0	0.0	6.0	0.0	0.0	3.0	8.0	0.0
metabat2.megahit.14_15_3	4.0	0.0	0.0	11.0	0.0	0.0	2.0	3.0	0.0
metabat2.megahit.14_15_4	5.0	0.0	0.0	3.0	0.0	0.0	2.0	5.0	0.0
metabat2.megahit.14_15_5	6.0	0.0	0.0	3.0	0.0	0.0	2.0	5.0	0.0
metabat2.megahit.14_15_6	7.0	0.0	0.0	10.0	0.0	0.0	0.0	5.0	0.0
metabat2.megahit.14_15_7	2.0	0.0	0.0	0.0	0.0	0.0	1.0	2.0	0.0
metabat2.megahit.14_15_8	3.0	0.0	0.0	16.0	0.0	0.0	4.0	14.0	0.0
metabat2.megahit.14_15_9	0.0	0.0	0.0	1.0	0.0	0.0	0.0	0.0	0.0
metabat2.megahit.14_160_1	0.0	0.0	0.0	2.0	0.0	0.0	0.0	1.0	0.0
metabat2.megahit.14_160_2	11.0	0.0	0.0	4.0	0.0	0.0	1.0	5.0	0.0
metabat2.megahit.14_160_3	0.0	0.0	0.0	0.0	0.0	0.0	0.0	1.0	0.0
metabat2.megahit.14_160_4	0.0	0.0	0.0	1.0	0.0	0.0	0.0	0.0	0.0
metabat2.megahit.14_160_5	0.0	0.0	0.0	1.0	0.0	0.0	1.0	2.0	0.0
metabat2.megahit.14_160_6	0.0	0.0	0.0	0.0	0.0	0.0	0.0	0.0	0.0
metabat2.megahit.14_161_1	2.0	0.0	0.0	11.0	0.0	0.0	1.0	8.0	0.0
metabat2.megahit.14_161_2	0.0	0.0	0.0	3.0	0.0	0.0	0.0	2.0	0.0
metabat2.megahit.14_161_3	0.0	0.0	0.0	1.0	0.0	0.0	0.0	5.0	0.0
metabat2.megahit.14_162_1	0.0	0.0	0.0	0.0	0.0	0.0	0.0	0.0	0.0
metabat2.megahit.14_162_2	1.0	0.0	0.0	0.0	0.0	0.0	4.0	1.0	0.0
metabat2.megahit.14_162_3	0.0	0.0	0.0	0.0	0.0	0.0	0.0	0.0	0.0
metabat2.megahit.14_162_4	0.0	0.0	0.0	2.0	0.0	0.0	0.0	0.0	0.0
metabat2.megahit.14_162_5	2.0	0.0	0.0	0.0	0.0	0.0	0.0	0.0	0.0
metabat2.megahit.14_163_1	7.0	0.0	0.0	7.0	0.0	0.0	0.0	5.0	0.0
metabat2.megahit.14_163_2	0.0	0.0	0.0	0.0	0.0	0.0	0.0	0.0	0.0
metabat2.megahit.14_163_3	7.0	0.0	0.0	3.0	0.0	0.0	3.0	3.0	0.0
metabat2.megahit.14_163_4	36.0	0.0	0.0	58.0	0.0	0.0	14.0	36.0	0.0
metabat2.megahit.14_163_5	3.0	0.0	0.0	3.0	0.0	0.0	0.0	7.0	0.0
metabat2.megahit.14_164_1	0.0	0.0	0.0	0.0	0.0	0.0	0.0	0.0	0.0
metabat2.megahit.14_164_10	7.0	0.0	0.0	1.0	0.0	0.0	0.0	2.0	0.0
metabat2.megahit.14_164_11	47.0	0.0	0.0	16.0	0.0	0.0	7.0	5.0	0.0
metabat2.megahit.14_164_12	0.0	0.0	0.0	3.0	0.0	0.0	0.0	0.0	0.0
metabat2.megahit.14_164_13	14.0	0.0	0.0	20.0	0.0	0.0	8.0	16.0	0.0
metabat2.megahit.14_164_14	9.0	0.0	0.0	4.0	0.0	0.0	1.0	0.0	1.0
metabat2.megahit.14_164_15	0.0	0.0	0.0	0.0	0.0	0.0	0.0	1.0	0.0
metabat2.megahit.14_164_16	1.0	0.0	0.0	3.0	0.0	0.0	1.0	2.0	0.0
metabat2.megahit.14_164_17	4.0	0.0	0.0	1.0	0.0	0.0	0.0	3.0	0.0
metabat2.megahit.14_164_18	0.0	0.0	0.0	0.0	0.0	0.0	0.0	0.0	0.0
metabat2.megahit.14_164_19	0.0	0.0	0.0	0.0	0.0	0.0	0.0	0.0	0.0
metabat2.megahit.14_164_2	8.0	0.0	0.0	10.0	0.0	0.0	2.0	2.0	0.0
metabat2.megahit.14_164_20	6.0	0.0	0.0	3.0	0.0	0.0	4.0	5.0	0.0
metabat2.megahit.14_164_21	0.0	0.0	0.0	0.0	0.0	0.0	0.0	0.0	0.0
metabat2.megahit.14_164_22	1.0	0.0	0.0	0.0	0.0	0.0	0.0	4.0	0.0
metabat2.megahit.14_164_23	0.0	0.0	0.0	1.0	0.0	0.0	0.0	2.0	0.0
metabat2.megahit.14_164_24	0.0	0.0	0.0	0.0	0.0	0.0	0.0	0.0	0.0
metabat2.megahit.14_164_3	1.0	0.0	0.0	3.0	0.0	0.0	0.0	0.0	0.0
metabat2.megahit.14_164_4	0.0	0.0	0.0	0.0	0.0	0.0	0.0	0.0	0.0
metabat2.megahit.14_164_5	0.0	0.0	0.0	0.0	0.0	0.0	0.0	0.0	0.0
metabat2.megahit.14_164_6	0.0	0.0	0.0	0.0	0.0	0.0	1.0	0.0	0.0
metabat2.megahit.14_164_7	3.0	0.0	0.0	2.0	0.0	0.0	4.0	6.0	0.0
metabat2.megahit.14_164_8	0.0	0.0	0.0	0.0	0.0	0.0	0.0	1.0	0.0
metabat2.megahit.14_164_9	8.0	0.0	0.0	6.0	0.0	0.0	3.0	7.0	0.0
metabat2.megahit.14_165_1	0.0	0.0	0.0	5.0	0.0	0.0	0.0	2.0	0.0
metabat2.megahit.14_165_2	0.0	0.0	0.0	0.0	0.0	0.0	0.0	0.0	0.0
metabat2.megahit.14_165_3	0.0	0.0	0.0	0.0	0.0	0.0	0.0	0.0	0.0
metabat2.megahit.14_165_4	2.0	0.0	0.0	3.0	0.0	0.0	0.0	1.0	0.0
metabat2.megahit.14_165_5	4.0	0.0	0.0	15.0	0.0	0.0	8.0	5.0	0.0
metabat2.megahit.14_165_6	10.0	0.0	0.0	9.0	0.0	0.0	10.0	5.0	0.0
metabat2.megahit.14_165_7	0.0	0.0	0.0	5.0	0.0	0.0	0.0	2.0	0.0
metabat2.megahit.14_166_1	0.0	0.0	0.0	0.0	0.0	0.0	0.0	0.0	0.0
metabat2.megahit.14_166_10	0.0	0.0	0.0	2.0	0.0	0.0	0.0	0.0	0.0
metabat2.megahit.14_166_11	0.0	0.0	0.0	0.0	0.0	0.0	0.0	0.0	0.0
metabat2.megahit.14_166_12	0.0	0.0	0.0	0.0	0.0	0.0	0.0	0.0	0.0
metabat2.megahit.14_166_13	4.0	0.0	0.0	1.0	0.0	0.0	1.0	0.0	0.0
metabat2.megahit.14_166_14	1.0	0.0	0.0	1.0	0.0	0.0	0.0	1.0	0.0
metabat2.megahit.14_166_15	1.0	0.0	0.0	1.0	0.0	0.0	0.0	0.0	0.0
metabat2.megahit.14_166_16	6.0	0.0	0.0	4.0	0.0	0.0	0.0	2.0	0.0
metabat2.megahit.14_166_17	3.0	0.0	0.0	9.0	0.0	0.0	1.0	0.0	0.0
metabat2.megahit.14_166_18	3.0	0.0	0.0	12.0	0.0	0.0	1.0	1.0	0.0
metabat2.megahit.14_166_19	28.0	0.0	0.0	23.0	0.0	0.0	3.0	18.0	0.0
metabat2.megahit.14_166_2	1.0	0.0	0.0	1.0	0.0	0.0	0.0	0.0	0.0
metabat2.megahit.14_166_20	10.0	0.0	0.0	8.0	0.0	0.0	2.0	7.0	0.0
metabat2.megahit.14_166_21	24.0	0.0	0.0	9.0	0.0	0.0	3.0	7.0	0.0
metabat2.megahit.14_166_22	1.0	0.0	0.0	2.0	0.0	0.0	0.0	1.0	0.0
metabat2.megahit.14_166_23	0.0	0.0	0.0	1.0	0.0	0.0	0.0	0.0	0.0
metabat2.megahit.14_166_24	5.0	0.0	0.0	6.0	0.0	0.0	2.0	7.0	0.0
metabat2.megahit.14_166_25	7.0	0.0	0.0	4.0	0.0	0.0	0.0	6.0	0.0
metabat2.megahit.14_166_26	0.0	0.0	0.0	8.0	0.0	0.0	0.0	4.0	0.0
metabat2.megahit.14_166_27	1.0	0.0	0.0	4.0	0.0	0.0	0.0	1.0	0.0
metabat2.megahit.14_166_28	1.0	0.0	0.0	5.0	0.0	0.0	0.0	3.0	0.0
metabat2.megahit.14_166_29	0.0	0.0	0.0	3.0	0.0	0.0	0.0	1.0	0.0
metabat2.megahit.14_166_3	0.0	0.0	0.0	0.0	0.0	0.0	2.0	0.0	0.0
metabat2.megahit.14_166_4	5.0	0.0	0.0	5.0	0.0	0.0	0.0	5.0	0.0
metabat2.megahit.14_166_5	0.0	0.0	0.0	0.0	0.0	0.0	0.0	0.0	0.0
metabat2.megahit.14_166_6	1.0	0.0	0.0	5.0	0.0	0.0	0.0	4.0	0.0
metabat2.megahit.14_166_7	3.0	0.0	0.0	1.0	0.0	0.0	0.0	2.0	0.0
metabat2.megahit.14_166_8	2.0	0.0	0.0	2.0	0.0	0.0	1.0	0.0	0.0
metabat2.megahit.14_166_9	2.0	0.0	0.0	3.0	0.0	0.0	0.0	1.0	0.0
metabat2.megahit.14_167_1	1.0	0.0	0.0	1.0	0.0	0.0	2.0	0.0	0.0
metabat2.megahit.14_167_2	1.0	0.0	0.0	3.0	0.0	0.0	3.0	2.0	0.0
metabat2.megahit.14_167_3	3.0	0.0	0.0	3.0	0.0	0.0	0.0	1.0	0.0
metabat2.megahit.14_167_4	2.0	0.0	0.0	2.0	0.0	0.0	0.0	1.0	0.0
metabat2.megahit.14_167_5	0.0	0.0	0.0	0.0	0.0	0.0	0.0	0.0	0.0
metabat2.megahit.14_167_6	1.0	0.0	0.0	2.0	0.0	0.0	1.0	0.0	0.0
metabat2.megahit.14_167_7	0.0	0.0	0.0	0.0	0.0	0.0	0.0	0.0	0.0
metabat2.megahit.14_167_8	0.0	0.0	0.0	3.0	0.0	0.0	1.0	0.0	0.0
metabat2.megahit.14_167_9	0.0	0.0	0.0	1.0	0.0	0.0	1.0	1.0	0.0
metabat2.megahit.14_168_1	0.0	0.0	0.0	0.0	0.0	0.0	1.0	0.0	0.0
metabat2.megahit.14_168_10	2.0	0.0	0.0	2.0	0.0	0.0	0.0	0.0	0.0
metabat2.megahit.14_168_2	10.0	0.0	0.0	13.0	0.0	3.0	0.0	2.0	0.0
metabat2.megahit.14_168_3	23.0	0.0	0.0	13.0	0.0	0.0	3.0	15.0	0.0
metabat2.megahit.14_168_4	0.0	0.0	0.0	4.0	0.0	0.0	1.0	4.0	0.0
metabat2.megahit.14_168_5	3.0	0.0	0.0	1.0	0.0	0.0	0.0	2.0	0.0
metabat2.megahit.14_168_6	0.0	0.0	0.0	0.0	0.0	0.0	0.0	0.0	0.0
metabat2.megahit.14_168_7	17.0	0.0	0.0	22.0	0.0	0.0	5.0	5.0	0.0
metabat2.megahit.14_168_8	3.0	0.0	0.0	5.0	0.0	0.0	1.0	2.0	0.0
metabat2.megahit.14_168_9	0.0	0.0	0.0	4.0	0.0	0.0	0.0	0.0	0.0
metabat2.megahit.14_169_1	0.0	0.0	0.0	0.0	0.0	0.0	0.0	0.0	0.0
metabat2.megahit.14_169_2	1.0	0.0	0.0	2.0	0.0	0.0	0.0	2.0	0.0
metabat2.megahit.14_169_3	0.0	0.0	0.0	0.0	0.0	0.0	0.0	1.0	0.0
metabat2.megahit.14_169_4	2.0	0.0	0.0	0.0	0.0	0.0	0.0	1.0	0.0
metabat2.megahit.14_169_5	5.0	0.0	0.0	4.0	0.0	0.0	2.0	7.0	0.0
metabat2.megahit.14_16_1	0.0	0.0	0.0	0.0	0.0	0.0	0.0	0.0	0.0
metabat2.megahit.14_16_2	0.0	0.0	0.0	0.0	0.0	0.0	0.0	0.0	0.0
metabat2.megahit.14_16_3	0.0	0.0	0.0	1.0	0.0	0.0	0.0	0.0	0.0
metabat2.megahit.14_16_4	0.0	0.0	0.0	0.0	0.0	0.0	0.0	0.0	0.0
metabat2.megahit.14_170_1	1.0	0.0	0.0	5.0	0.0	0.0	4.0	1.0	0.0
metabat2.megahit.14_170_10	1.0	0.0	0.0	0.0	0.0	0.0	0.0	0.0	0.0
metabat2.megahit.14_170_11	0.0	0.0	0.0	0.0	0.0	0.0	0.0	1.0	0.0
metabat2.megahit.14_170_12	3.0	0.0	0.0	3.0	0.0	0.0	0.0	1.0	0.0
metabat2.megahit.14_170_13	4.0	0.0	0.0	9.0	0.0	0.0	2.0	6.0	0.0
metabat2.megahit.14_170_14	0.0	0.0	0.0	1.0	0.0	0.0	0.0	1.0	0.0
metabat2.megahit.14_170_15	0.0	0.0	0.0	0.0	0.0	0.0	0.0	0.0	0.0
metabat2.megahit.14_170_16	0.0	0.0	0.0	1.0	0.0	0.0	0.0	0.0	0.0
metabat2.megahit.14_170_17	0.0	0.0	0.0	0.0	0.0	0.0	0.0	1.0	0.0
metabat2.megahit.14_170_18	3.0	0.0	0.0	0.0	0.0	0.0	0.0	2.0	0.0
metabat2.megahit.14_170_19	3.0	0.0	0.0	1.0	0.0	0.0	1.0	0.0	0.0
metabat2.megahit.14_170_2	20.0	0.0	0.0	22.0	0.0	0.0	6.0	14.0	0.0
metabat2.megahit.14_170_20	0.0	0.0	0.0	0.0	0.0	0.0	0.0	0.0	0.0
metabat2.megahit.14_170_21	0.0	0.0	0.0	0.0	0.0	0.0	0.0	1.0	0.0
metabat2.megahit.14_170_22	5.0	0.0	0.0	1.0	0.0	0.0	0.0	1.0	0.0
metabat2.megahit.14_170_3	3.0	0.0	0.0	7.0	0.0	0.0	3.0	0.0	0.0
metabat2.megahit.14_170_4	5.0	0.0	0.0	3.0	0.0	0.0	3.0	4.0	0.0
metabat2.megahit.14_170_5	0.0	0.0	0.0	3.0	0.0	0.0	0.0	0.0	0.0
metabat2.megahit.14_170_6	4.0	0.0	0.0	41.0	0.0	0.0	4.0	2.0	0.0
metabat2.megahit.14_170_7	0.0	0.0	0.0	0.0	0.0	0.0	1.0	1.0	0.0
metabat2.megahit.14_170_8	0.0	0.0	0.0	1.0	0.0	0.0	1.0	0.0	0.0
metabat2.megahit.14_170_9	1.0	0.0	0.0	0.0	0.0	0.0	0.0	0.0	0.0
metabat2.megahit.14_171_1	1.0	0.0	0.0	0.0	0.0	0.0	1.0	1.0	0.0
metabat2.megahit.14_171_2	2.0	0.0	0.0	3.0	0.0	0.0	0.0	1.0	0.0
metabat2.megahit.14_171_3	0.0	0.0	0.0	0.0	0.0	0.0	0.0	1.0	0.0
metabat2.megahit.14_171_4	0.0	0.0	0.0	0.0	0.0	0.0	0.0	0.0	0.0
metabat2.megahit.14_171_5	0.0	0.0	0.0	0.0	0.0	0.0	0.0	0.0	0.0
metabat2.megahit.14_171_6	0.0	0.0	0.0	1.0	0.0	0.0	1.0	0.0	0.0
metabat2.megahit.14_172_1	5.0	0.0	0.0	7.0	0.0	0.0	0.0	1.0	0.0
metabat2.megahit.14_172_2	4.0	0.0	0.0	1.0	0.0	0.0	3.0	1.0	0.0
metabat2.megahit.14_172_3	0.0	0.0	0.0	0.0	0.0	0.0	0.0	0.0	0.0
metabat2.megahit.14_172_4	2.0	0.0	0.0	0.0	0.0	0.0	0.0	0.0	0.0
metabat2.megahit.14_172_5	0.0	0.0	0.0	0.0	0.0	0.0	0.0	0.0	0.0
metabat2.megahit.14_172_6	1.0	0.0	0.0	1.0	0.0	0.0	0.0	2.0	0.0
metabat2.megahit.14_172_7	1.0	0.0	0.0	1.0	0.0	0.0	0.0	1.0	0.0
metabat2.megahit.14_173_1	0.0	0.0	0.0	0.0	0.0	0.0	0.0	0.0	0.0
metabat2.megahit.14_173_10	0.0	0.0	0.0	0.0	0.0	0.0	0.0	0.0	0.0
metabat2.megahit.14_173_2	2.0	0.0	0.0	1.0	0.0	0.0	1.0	0.0	0.0
metabat2.megahit.14_173_3	0.0	0.0	0.0	3.0	0.0	0.0	0.0	1.0	0.0
metabat2.megahit.14_173_4	0.0	0.0	0.0	2.0	0.0	0.0	0.0	0.0	0.0
metabat2.megahit.14_173_5	0.0	0.0	0.0	0.0	0.0	0.0	0.0	0.0	0.0
metabat2.megahit.14_173_6	4.0	0.0	0.0	10.0	0.0	0.0	1.0	5.0	0.0
metabat2.megahit.14_173_7	6.0	0.0	0.0	8.0	0.0	0.0	0.0	1.0	0.0
metabat2.megahit.14_173_8	1.0	0.0	0.0	3.0	0.0	0.0	0.0	1.0	0.0
metabat2.megahit.14_173_9	2.0	0.0	0.0	10.0	0.0	0.0	1.0	2.0	0.0
metabat2.megahit.14_174_1	0.0	0.0	0.0	1.0	0.0	0.0	0.0	0.0	0.0
metabat2.megahit.14_174_2	2.0	0.0	0.0	4.0	0.0	0.0	0.0	6.0	0.0
metabat2.megahit.14_174_3	2.0	0.0	0.0	0.0	0.0	0.0	2.0	0.0	0.0
metabat2.megahit.14_174_4	9.0	0.0	0.0	25.0	0.0	0.0	7.0	9.0	0.0
metabat2.megahit.14_174_5	3.0	0.0	0.0	3.0	0.0	0.0	0.0	1.0	0.0
metabat2.megahit.14_17_1	6.0	0.0	0.0	3.0	0.0	0.0	2.0	1.0	0.0
metabat2.megahit.14_17_2	2.0	0.0	0.0	5.0	0.0	0.0	1.0	0.0	0.0
metabat2.megahit.14_17_3	1.0	0.0	0.0	3.0	0.0	0.0	0.0	0.0	0.0
metabat2.megahit.14_17_4	4.0	0.0	0.0	0.0	0.0	0.0	0.0	4.0	0.0
metabat2.megahit.14_18_1	5.0	0.0	0.0	3.0	0.0	0.0	0.0	1.0	0.0
metabat2.megahit.14_18_2	0.0	0.0	0.0	0.0	0.0	0.0	0.0	0.0	0.0
metabat2.megahit.14_18_3	2.0	0.0	0.0	3.0	0.0	0.0	0.0	0.0	0.0
metabat2.megahit.14_18_4	1.0	0.0	0.0	3.0	0.0	0.0	2.0	0.0	0.0
metabat2.megahit.14_18_5	0.0	0.0	0.0	2.0	0.0	0.0	0.0	1.0	0.0
metabat2.megahit.14_18_6	0.0	0.0	0.0	0.0	0.0	0.0	0.0	0.0	0.0
metabat2.megahit.14_19_1	0.0	0.0	0.0	0.0	0.0	0.0	0.0	0.0	0.0
metabat2.megahit.14_19_10	1.0	0.0	0.0	1.0	0.0	0.0	0.0	1.0	0.0
metabat2.megahit.14_19_11	2.0	0.0	0.0	1.0	0.0	0.0	0.0	0.0	0.0
metabat2.megahit.14_19_12	0.0	0.0	0.0	0.0	0.0	0.0	0.0	0.0	0.0
metabat2.megahit.14_19_13	0.0	0.0	0.0	0.0	0.0	0.0	0.0	0.0	0.0
metabat2.megahit.14_19_14	0.0	0.0	0.0	6.0	0.0	0.0	0.0	0.0	0.0
metabat2.megahit.14_19_15	3.0	0.0	0.0	6.0	0.0	0.0	2.0	1.0	0.0
metabat2.megahit.14_19_16	4.0	0.0	0.0	6.0	0.0	0.0	0.0	2.0	0.0
metabat2.megahit.14_19_17	0.0	0.0	0.0	1.0	0.0	0.0	0.0	1.0	0.0
metabat2.megahit.14_19_18	0.0	0.0	0.0	0.0	0.0	0.0	0.0	0.0	0.0
metabat2.megahit.14_19_19	0.0	0.0	0.0	1.0	0.0	0.0	2.0	0.0	0.0
metabat2.megahit.14_19_2	0.0	0.0	0.0	10.0	0.0	0.0	2.0	2.0	0.0
metabat2.megahit.14_19_20	2.0	0.0	0.0	2.0	0.0	0.0	0.0	0.0	0.0
metabat2.megahit.14_19_21	0.0	0.0	0.0	1.0	0.0	0.0	0.0	0.0	0.0
metabat2.megahit.14_19_22	1.0	0.0	0.0	3.0	0.0	0.0	0.0	0.0	0.0
metabat2.megahit.14_19_23	0.0	0.0	0.0	0.0	0.0	0.0	0.0	0.0	0.0
metabat2.megahit.14_19_24	0.0	0.0	0.0	1.0	0.0	0.0	0.0	0.0	0.0
metabat2.megahit.14_19_25	0.0	0.0	0.0	1.0	0.0	0.0	0.0	0.0	0.0
metabat2.megahit.14_19_26	3.0	0.0	0.0	0.0	0.0	0.0	0.0	2.0	0.0
metabat2.megahit.14_19_27	2.0	0.0	0.0	3.0	0.0	0.0	2.0	2.0	0.0
metabat2.megahit.14_19_28	0.0	0.0	0.0	0.0	0.0	0.0	0.0	0.0	0.0
metabat2.megahit.14_19_29	0.0	0.0	0.0	0.0	0.0	0.0	0.0	0.0	0.0
metabat2.megahit.14_19_3	0.0	0.0	0.0	0.0	0.0	0.0	1.0	1.0	0.0
metabat2.megahit.14_19_30	2.0	0.0	0.0	4.0	0.0	0.0	2.0	1.0	0.0
metabat2.megahit.14_19_31	2.0	0.0	0.0	2.0	0.0	0.0	0.0	1.0	0.0
metabat2.megahit.14_19_32	0.0	0.0	0.0	1.0	0.0	0.0	0.0	1.0	0.0
metabat2.megahit.14_19_33	5.0	0.0	0.0	15.0	0.0	0.0	3.0	1.0	0.0
metabat2.megahit.14_19_34	0.0	0.0	0.0	0.0	0.0	0.0	0.0	0.0	0.0
metabat2.megahit.14_19_35	2.0	0.0	0.0	3.0	0.0	0.0	3.0	2.0	0.0
metabat2.megahit.14_19_36	0.0	0.0	0.0	3.0	0.0	0.0	0.0	2.0	0.0
metabat2.megahit.14_19_37	3.0	0.0	0.0	10.0	0.0	0.0	1.0	5.0	0.0
metabat2.megahit.14_19_4	1.0	0.0	0.0	1.0	0.0	0.0	2.0	2.0	0.0
metabat2.megahit.14_19_5	0.0	0.0	0.0	0.0	0.0	0.0	1.0	0.0	0.0
metabat2.megahit.14_19_6	1.0	0.0	0.0	0.0	0.0	0.0	0.0	4.0	0.0
metabat2.megahit.14_19_7	0.0	0.0	0.0	0.0	0.0	0.0	0.0	0.0	0.0
metabat2.megahit.14_19_8	0.0	0.0	0.0	0.0	0.0	0.0	0.0	0.0	0.0
metabat2.megahit.14_19_9	5.0	0.0	0.0	2.0	0.0	0.0	0.0	3.0	0.0
metabat2.megahit.14_1_1	0.0	0.0	0.0	0.0	0.0	0.0	0.0	0.0	0.0
metabat2.megahit.14_1_2	0.0	0.0	0.0	0.0	0.0	0.0	0.0	0.0	0.0
metabat2.megahit.14_1_3	0.0	0.0	0.0	1.0	0.0	0.0	0.0	0.0	0.0
metabat2.megahit.14_1_4	0.0	0.0	0.0	0.0	0.0	0.0	1.0	7.0	0.0
metabat2.megahit.14_1_5	0.0	0.0	0.0	0.0	0.0	0.0	0.0	1.0	0.0
metabat2.megahit.14_20_1	4.0	0.0	0.0	4.0	0.0	0.0	0.0	0.0	0.0
metabat2.megahit.14_20_2	1.0	0.0	0.0	2.0	0.0	0.0	0.0	0.0	0.0
metabat2.megahit.14_20_3	2.0	0.0	0.0	3.0	0.0	0.0	0.0	0.0	0.0
metabat2.megahit.14_20_4	9.0	0.0	0.0	3.0	0.0	0.0	3.0	9.0	0.0
metabat2.megahit.14_21_1	0.0	0.0	0.0	0.0	0.0	0.0	0.0	0.0	0.0
metabat2.megahit.14_21_10	0.0	0.0	0.0	2.0	0.0	0.0	0.0	0.0	0.0
metabat2.megahit.14_21_11	0.0	0.0	0.0	0.0	0.0	0.0	0.0	0.0	0.0
metabat2.megahit.14_21_2	1.0	0.0	0.0	1.0	0.0	0.0	0.0	1.0	0.0
metabat2.megahit.14_21_3	20.0	0.0	0.0	15.0	0.0	0.0	6.0	5.0	0.0
metabat2.megahit.14_21_4	2.0	0.0	0.0	14.0	0.0	0.0	3.0	2.0	0.0
metabat2.megahit.14_21_5	4.0	0.0	0.0	25.0	0.0	0.0	8.0	12.0	0.0
metabat2.megahit.14_21_6	2.0	0.0	0.0	5.0	0.0	0.0	1.0	0.0	0.0
metabat2.megahit.14_21_7	1.0	0.0	0.0	6.0	0.0	0.0	2.0	1.0	0.0
metabat2.megahit.14_21_8	2.0	0.0	0.0	5.0	0.0	0.0	1.0	2.0	0.0
metabat2.megahit.14_21_9	0.0	0.0	0.0	3.0	0.0	0.0	1.0	1.0	0.0
metabat2.megahit.14_22_1	0.0	0.0	0.0	0.0	0.0	0.0	1.0	0.0	0.0
metabat2.megahit.14_22_10	0.0	0.0	0.0	0.0	0.0	0.0	0.0	0.0	0.0
metabat2.megahit.14_22_11	2.0	0.0	0.0	0.0	0.0	0.0	0.0	0.0	0.0
metabat2.megahit.14_22_12	2.0	0.0	0.0	6.0	0.0	0.0	3.0	3.0	0.0
metabat2.megahit.14_22_13	2.0	0.0	0.0	3.0	0.0	0.0	1.0	7.0	0.0
metabat2.megahit.14_22_14	14.0	0.0	0.0	12.0	0.0	0.0	2.0	10.0	0.0
metabat2.megahit.14_22_15	16.0	0.0	0.0	4.0	0.0	0.0	8.0	9.0	0.0
metabat2.megahit.14_22_2	6.0	0.0	0.0	5.0	0.0	0.0	0.0	0.0	0.0
metabat2.megahit.14_22_3	0.0	0.0	0.0	0.0	0.0	0.0	0.0	0.0	0.0
metabat2.megahit.14_22_4	0.0	0.0	0.0	1.0	0.0	0.0	0.0	0.0	0.0
metabat2.megahit.14_22_5	1.0	0.0	0.0	0.0	0.0	0.0	0.0	0.0	0.0
metabat2.megahit.14_22_6	0.0	0.0	0.0	0.0	0.0	0.0	1.0	0.0	0.0
metabat2.megahit.14_22_7	8.0	0.0	0.0	3.0	0.0	0.0	1.0	2.0	0.0
metabat2.megahit.14_22_8	0.0	0.0	0.0	1.0	0.0	0.0	0.0	0.0	0.0
metabat2.megahit.14_22_9	6.0	0.0	0.0	6.0	0.0	0.0	0.0	3.0	0.0
metabat2.megahit.14_23_1	2.0	0.0	0.0	7.0	0.0	0.0	1.0	1.0	0.0
metabat2.megahit.14_23_10	1.0	0.0	0.0	1.0	0.0	0.0	3.0	1.0	0.0
metabat2.megahit.14_23_11	0.0	0.0	0.0	0.0	0.0	0.0	0.0	0.0	0.0
metabat2.megahit.14_23_12	0.0	0.0	0.0	0.0	0.0	0.0	0.0	0.0	0.0
metabat2.megahit.14_23_13	6.0	0.0	0.0	2.0	0.0	0.0	3.0	2.0	0.0
metabat2.megahit.14_23_14	0.0	0.0	0.0	3.0	0.0	0.0	0.0	0.0	0.0
metabat2.megahit.14_23_15	2.0	0.0	0.0	3.0	0.0	0.0	2.0	5.0	0.0
metabat2.megahit.14_23_16	0.0	0.0	0.0	0.0	0.0	0.0	0.0	1.0	0.0
metabat2.megahit.14_23_17	0.0	0.0	0.0	3.0	0.0	0.0	1.0	0.0	0.0
metabat2.megahit.14_23_18	8.0	0.0	0.0	2.0	0.0	0.0	2.0	4.0	0.0
metabat2.megahit.14_23_19	0.0	0.0	0.0	0.0	0.0	0.0	0.0	0.0	0.0
metabat2.megahit.14_23_2	25.0	0.0	0.0	38.0	0.0	0.0	23.0	26.0	0.0
metabat2.megahit.14_23_20	4.0	0.0	0.0	3.0	0.0	0.0	2.0	5.0	0.0
metabat2.megahit.14_23_21	0.0	0.0	0.0	0.0	0.0	0.0	0.0	0.0	0.0
metabat2.megahit.14_23_22	1.0	0.0	0.0	0.0	0.0	0.0	1.0	1.0	0.0
metabat2.megahit.14_23_23	0.0	0.0	0.0	0.0	0.0	0.0	0.0	0.0	0.0
metabat2.megahit.14_23_24	2.0	0.0	0.0	0.0	0.0	0.0	0.0	3.0	0.0
metabat2.megahit.14_23_3	0.0	0.0	0.0	4.0	0.0	0.0	1.0	1.0	0.0
metabat2.megahit.14_23_4	1.0	0.0	0.0	5.0	0.0	0.0	1.0	2.0	0.0
metabat2.megahit.14_23_5	5.0	0.0	0.0	4.0	0.0	0.0	0.0	2.0	0.0
metabat2.megahit.14_23_6	0.0	0.0	0.0	0.0	0.0	0.0	0.0	1.0	0.0
metabat2.megahit.14_23_7	3.0	0.0	0.0	3.0	0.0	0.0	0.0	0.0	0.0
metabat2.megahit.14_23_8	3.0	0.0	0.0	2.0	0.0	0.0	0.0	1.0	0.0
metabat2.megahit.14_23_9	2.0	0.0	0.0	0.0	0.0	0.0	1.0	2.0	0.0
metabat2.megahit.14_24_1	0.0	0.0	0.0	0.0	0.0	0.0	0.0	0.0	0.0
metabat2.megahit.14_24_2	1.0	0.0	0.0	0.0	0.0	1.0	0.0	0.0	0.0
metabat2.megahit.14_24_3	0.0	0.0	0.0	0.0	0.0	0.0	0.0	0.0	0.0
metabat2.megahit.14_25_1	0.0	0.0	0.0	0.0	0.0	0.0	0.0	0.0	0.0
metabat2.megahit.14_25_2	0.0	0.0	0.0	0.0	0.0	0.0	0.0	1.0	0.0
metabat2.megahit.14_25_3	0.0	0.0	0.0	0.0	0.0	0.0	1.0	0.0	0.0
metabat2.megahit.14_25_4	1.0	0.0	0.0	1.0	0.0	0.0	0.0	0.0	0.0
metabat2.megahit.14_25_5	2.0	0.0	0.0	7.0	0.0	0.0	1.0	3.0	0.0
metabat2.megahit.14_26_1	0.0	0.0	0.0	0.0	0.0	0.0	0.0	0.0	0.0
metabat2.megahit.14_26_2	0.0	0.0	0.0	0.0	0.0	0.0	0.0	0.0	0.0
metabat2.megahit.14_26_3	0.0	0.0	0.0	0.0	0.0	0.0	0.0	0.0	0.0
metabat2.megahit.14_26_4	0.0	0.0	0.0	0.0	0.0	0.0	0.0	0.0	0.0
metabat2.megahit.14_27_1	0.0	0.0	0.0	1.0	0.0	0.0	1.0	0.0	0.0
metabat2.megahit.14_27_2	0.0	0.0	0.0	0.0	0.0	0.0	0.0	0.0	0.0
metabat2.megahit.14_27_3	10.0	0.0	0.0	3.0	0.0	0.0	1.0	7.0	0.0
metabat2.megahit.14_28_1	5.0	0.0	0.0	1.0	0.0	0.0	1.0	2.0	0.0
metabat2.megahit.14_28_2	3.0	0.0	0.0	4.0	0.0	0.0	1.0	1.0	0.0
metabat2.megahit.14_28_3	1.0	0.0	0.0	1.0	0.0	0.0	0.0	0.0	0.0
metabat2.megahit.14_28_4	3.0	0.0	0.0	1.0	0.0	0.0	1.0	1.0	0.0
metabat2.megahit.14_28_5	1.0	0.0	0.0	5.0	0.0	0.0	0.0	2.0	0.0
metabat2.megahit.14_28_6	2.0	0.0	0.0	1.0	0.0	0.0	0.0	0.0	0.0
metabat2.megahit.14_28_7	1.0	0.0	0.0	2.0	0.0	0.0	0.0	0.0	0.0
metabat2.megahit.14_29_1	2.0	0.0	0.0	0.0	0.0	0.0	0.0	0.0	0.0
metabat2.megahit.14_29_2	7.0	0.0	0.0	17.0	0.0	0.0	2.0	7.0	0.0
metabat2.megahit.14_29_3	2.0	0.0	0.0	0.0	0.0	0.0	0.0	0.0	0.0
metabat2.megahit.14_2_1	10.0	0.0	0.0	9.0	0.0	0.0	1.0	5.0	0.0
metabat2.megahit.14_2_10	2.0	0.0	0.0	1.0	0.0	0.0	0.0	1.0	0.0
metabat2.megahit.14_2_11	0.0	0.0	0.0	8.0	0.0	0.0	1.0	4.0	0.0
metabat2.megahit.14_2_12	0.0	0.0	0.0	1.0	0.0	0.0	0.0	0.0	0.0
metabat2.megahit.14_2_13	0.0	0.0	0.0	1.0	0.0	0.0	1.0	0.0	0.0
metabat2.megahit.14_2_14	6.0	0.0	0.0	11.0	0.0	0.0	2.0	3.0	0.0
metabat2.megahit.14_2_15	1.0	0.0	0.0	2.0	0.0	0.0	0.0	1.0	0.0
metabat2.megahit.14_2_16	18.0	0.0	0.0	17.0	0.0	0.0	7.0	11.0	0.0
metabat2.megahit.14_2_17	18.0	0.0	0.0	26.0	0.0	0.0	11.0	11.0	0.0
metabat2.megahit.14_2_18	1.0	0.0	0.0	5.0	0.0	0.0	1.0	3.0	0.0
metabat2.megahit.14_2_2	5.0	0.0	0.0	9.0	0.0	0.0	2.0	1.0	0.0
metabat2.megahit.14_2_3	4.0	0.0	0.0	15.0	0.0	0.0	3.0	2.0	0.0
metabat2.megahit.14_2_4	8.0	0.0	0.0	24.0	0.0	0.0	6.0	7.0	0.0
metabat2.megahit.14_2_5	1.0	0.0	0.0	5.0	0.0	0.0	2.0	0.0	0.0
metabat2.megahit.14_2_6	0.0	0.0	0.0	6.0	0.0	0.0	3.0	1.0	0.0
metabat2.megahit.14_2_7	27.0	0.0	0.0	43.0	0.0	0.0	13.0	9.0	0.0
metabat2.megahit.14_2_8	10.0	0.0	0.0	16.0	0.0	0.0	6.0	1.0	0.0
metabat2.megahit.14_2_9	5.0	0.0	0.0	8.0	0.0	0.0	1.0	3.0	0.0
metabat2.megahit.14_30_1	1.0	0.0	0.0	0.0	0.0	0.0	0.0	1.0	0.0
metabat2.megahit.14_30_10	0.0	0.0	0.0	2.0	0.0	0.0	0.0	0.0	0.0
metabat2.megahit.14_30_11	0.0	0.0	0.0	1.0	0.0	0.0	1.0	3.0	0.0
metabat2.megahit.14_30_12	3.0	0.0	0.0	1.0	0.0	0.0	1.0	0.0	0.0
metabat2.megahit.14_30_13	13.0	0.0	0.0	7.0	0.0	0.0	0.0	1.0	0.0
metabat2.megahit.14_30_14	13.0	0.0	0.0	6.0	0.0	0.0	1.0	3.0	0.0
metabat2.megahit.14_30_15	1.0	0.0	0.0	4.0	0.0	0.0	2.0	3.0	0.0
metabat2.megahit.14_30_16	14.0	0.0	0.0	5.0	0.0	0.0	2.0	3.0	0.0
metabat2.megahit.14_30_17	0.0	0.0	0.0	0.0	0.0	0.0	1.0	0.0	0.0
metabat2.megahit.14_30_18	2.0	0.0	0.0	3.0	0.0	0.0	0.0	0.0	0.0
metabat2.megahit.14_30_19	0.0	0.0	0.0	1.0	0.0	0.0	0.0	0.0	0.0
metabat2.megahit.14_30_2	2.0	0.0	0.0	1.0	0.0	0.0	0.0	2.0	0.0
metabat2.megahit.14_30_3	1.0	0.0	0.0	6.0	0.0	0.0	0.0	1.0	0.0
metabat2.megahit.14_30_4	7.0	0.0	0.0	13.0	0.0	0.0	6.0	7.0	0.0
metabat2.megahit.14_30_5	0.0	0.0	0.0	0.0	0.0	0.0	0.0	0.0	0.0
metabat2.megahit.14_30_6	0.0	0.0	0.0	0.0	0.0	0.0	0.0	0.0	0.0
metabat2.megahit.14_30_7	0.0	0.0	0.0	0.0	0.0	0.0	0.0	0.0	0.0
metabat2.megahit.14_30_8	0.0	0.0	0.0	0.0	0.0	0.0	0.0	0.0	0.0
metabat2.megahit.14_30_9	0.0	0.0	0.0	0.0	0.0	0.0	0.0	0.0	0.0
metabat2.megahit.14_31_1	0.0	0.0	0.0	0.0	0.0	0.0	0.0	0.0	0.0
metabat2.megahit.14_31_2	3.0	0.0	0.0	3.0	0.0	0.0	0.0	6.0	0.0
metabat2.megahit.14_31_3	0.0	0.0	0.0	2.0	0.0	0.0	0.0	0.0	0.0
metabat2.megahit.14_31_4	0.0	0.0	0.0	1.0	0.0	0.0	0.0	0.0	0.0
metabat2.megahit.14_31_5	0.0	0.0	0.0	0.0	0.0	0.0	0.0	0.0	0.0
metabat2.megahit.14_31_6	2.0	0.0	0.0	0.0	0.0	0.0	0.0	0.0	0.0
metabat2.megahit.14_31_7	0.0	0.0	0.0	0.0	0.0	0.0	0.0	1.0	0.0
metabat2.megahit.14_31_8	0.0	0.0	0.0	0.0	0.0	0.0	0.0	0.0	0.0
metabat2.megahit.14_32_1	4.0	0.0	0.0	2.0	0.0	0.0	0.0	5.0	0.0
metabat2.megahit.14_32_2	0.0	0.0	0.0	1.0	0.0	0.0	1.0	0.0	0.0
metabat2.megahit.14_33_1	0.0	0.0	0.0	0.0	0.0	0.0	0.0	0.0	0.0
metabat2.megahit.14_33_10	1.0	0.0	0.0	4.0	0.0	0.0	0.0	0.0	0.0
metabat2.megahit.14_33_11	3.0	0.0	0.0	1.0	0.0	0.0	0.0	0.0	0.0
metabat2.megahit.14_33_2	0.0	0.0	0.0	0.0	0.0	0.0	0.0	0.0	0.0
metabat2.megahit.14_33_3	2.0	0.0	0.0	2.0	0.0	0.0	5.0	0.0	0.0
metabat2.megahit.14_33_4	0.0	0.0	0.0	0.0	0.0	0.0	1.0	0.0	0.0
metabat2.megahit.14_33_5	1.0	0.0	0.0	3.0	0.0	0.0	3.0	3.0	0.0
metabat2.megahit.14_33_6	5.0	0.0	0.0	5.0	0.0	0.0	1.0	1.0	0.0
metabat2.megahit.14_33_7	16.0	0.0	0.0	23.0	0.0	0.0	10.0	7.0	0.0
metabat2.megahit.14_33_8	2.0	0.0	0.0	0.0	0.0	0.0	1.0	0.0	0.0
metabat2.megahit.14_33_9	13.0	0.0	0.0	7.0	0.0	0.0	1.0	7.0	0.0
metabat2.megahit.14_34_1	0.0	0.0	0.0	1.0	0.0	0.0	0.0	0.0	0.0
metabat2.megahit.14_34_2	0.0	0.0	0.0	10.0	0.0	0.0	0.0	0.0	0.0
metabat2.megahit.14_34_3	0.0	0.0	0.0	0.0	0.0	0.0	0.0	0.0	0.0
metabat2.megahit.14_34_4	0.0	0.0	0.0	4.0	0.0	0.0	1.0	0.0	0.0
metabat2.megahit.14_34_5	0.0	0.0	0.0	4.0	0.0	0.0	0.0	0.0	0.0
metabat2.megahit.14_35_1	0.0	0.0	0.0	0.0	0.0	0.0	0.0	0.0	0.0
metabat2.megahit.14_35_2	0.0	0.0	0.0	0.0	0.0	0.0	0.0	0.0	0.0
metabat2.megahit.14_35_3	3.0	0.0	0.0	0.0	0.0	0.0	0.0	1.0	0.0
metabat2.megahit.14_36_1	1.0	0.0	0.0	4.0	0.0	0.0	0.0	3.0	0.0
metabat2.megahit.14_36_2	0.0	0.0	0.0	0.0	0.0	0.0	0.0	0.0	0.0
metabat2.megahit.14_36_3	0.0	0.0	0.0	0.0	0.0	0.0	0.0	0.0	0.0
metabat2.megahit.14_36_4	1.0	0.0	0.0	2.0	0.0	0.0	0.0	0.0	0.0
metabat2.megahit.14_36_5	0.0	0.0	0.0	0.0	0.0	0.0	0.0	0.0	0.0
metabat2.megahit.14_36_6	0.0	0.0	0.0	1.0	0.0	0.0	1.0	2.0	0.0
metabat2.megahit.14_36_7	0.0	0.0	0.0	0.0	0.0	0.0	0.0	0.0	0.0
metabat2.megahit.14_37_1	0.0	0.0	0.0	0.0	0.0	0.0	0.0	0.0	0.0
metabat2.megahit.14_37_10	6.0	0.0	0.0	7.0	0.0	0.0	3.0	7.0	0.0
metabat2.megahit.14_37_11	0.0	0.0	0.0	0.0	0.0	0.0	0.0	0.0	0.0
metabat2.megahit.14_37_2	0.0	0.0	0.0	0.0	0.0	0.0	0.0	1.0	0.0
metabat2.megahit.14_37_3	56.0	0.0	0.0	70.0	0.0	0.0	25.0	52.0	0.0
metabat2.megahit.14_37_4	0.0	0.0	0.0	0.0	0.0	0.0	0.0	2.0	0.0
metabat2.megahit.14_37_5	8.0	0.0	0.0	9.0	0.0	0.0	1.0	7.0	0.0
metabat2.megahit.14_37_6	5.0	0.0	0.0	3.0	0.0	0.0	2.0	1.0	0.0
metabat2.megahit.14_37_7	0.0	0.0	0.0	3.0	0.0	0.0	1.0	7.0	0.0
metabat2.megahit.14_37_8	7.0	0.0	0.0	10.0	0.0	0.0	3.0	8.0	0.0
metabat2.megahit.14_37_9	1.0	0.0	0.0	0.0	0.0	0.0	1.0	0.0	0.0
metabat2.megahit.14_38_1	43.0	0.0	0.0	62.0	0.0	0.0	15.0	22.0	0.0
metabat2.megahit.14_38_2	1.0	0.0	0.0	0.0	0.0	0.0	0.0	3.0	0.0
metabat2.megahit.14_38_3	9.0	0.0	0.0	6.0	0.0	0.0	2.0	8.0	0.0
metabat2.megahit.14_39_1	14.0	0.0	0.0	14.0	0.0	0.0	8.0	9.0	0.0
metabat2.megahit.14_39_2	4.0	0.0	0.0	5.0	0.0	0.0	0.0	2.0	0.0
metabat2.megahit.14_39_3	4.0	0.0	0.0	15.0	0.0	0.0	5.0	8.0	0.0
metabat2.megahit.14_39_4	10.0	0.0	0.0	9.0	0.0	0.0	3.0	3.0	0.0
metabat2.megahit.14_39_5	1.0	0.0	0.0	6.0	0.0	0.0	4.0	2.0	0.0
metabat2.megahit.14_39_6	2.0	0.0	0.0	0.0	0.0	0.0	0.0	1.0	0.0
metabat2.megahit.14_39_7	13.0	0.0	0.0	20.0	0.0	0.0	7.0	7.0	0.0
metabat2.megahit.14_3_1	0.0	0.0	0.0	0.0	0.0	0.0	0.0	0.0	0.0
metabat2.megahit.14_3_2	1.0	0.0	0.0	1.0	0.0	0.0	1.0	0.0	0.0
metabat2.megahit.14_3_3	13.0	0.0	0.0	3.0	0.0	0.0	1.0	13.0	0.0
metabat2.megahit.14_3_4	8.0	0.0	0.0	18.0	0.0	0.0	2.0	0.0	0.0
metabat2.megahit.14_40_1	0.0	0.0	0.0	2.0	0.0	0.0	0.0	1.0	0.0
metabat2.megahit.14_40_10	2.0	0.0	0.0	6.0	0.0	0.0	6.0	10.0	0.0
metabat2.megahit.14_40_11	7.0	0.0	0.0	28.0	0.0	0.0	18.0	16.0	0.0
metabat2.megahit.14_40_12	6.0	0.0	0.0	12.0	0.0	0.0	9.0	7.0	0.0
metabat2.megahit.14_40_13	8.0	0.0	0.0	11.0	0.0	0.0	10.0	20.0	0.0
metabat2.megahit.14_40_14	7.0	0.0	0.0	9.0	0.0	0.0	2.0	3.0	0.0
metabat2.megahit.14_40_15	122.0	0.0	0.0	111.0	0.0	1.0	86.0	149.0	0.0
metabat2.megahit.14_40_16	0.0	0.0	0.0	1.0	0.0	0.0	0.0	0.0	0.0
metabat2.megahit.14_40_17	4.0	0.0	0.0	1.0	0.0	0.0	1.0	0.0	0.0
metabat2.megahit.14_40_18	0.0	0.0	0.0	0.0	0.0	0.0	1.0	0.0	0.0
metabat2.megahit.14_40_19	4.0	0.0	0.0	9.0	0.0	0.0	1.0	3.0	0.0
metabat2.megahit.14_40_2	0.0	0.0	0.0	6.0	0.0	0.0	1.0	2.0	0.0
metabat2.megahit.14_40_20	0.0	0.0	0.0	0.0	0.0	0.0	0.0	0.0	0.0
metabat2.megahit.14_40_21	4.0	0.0	0.0	0.0	0.0	0.0	0.0	1.0	0.0
metabat2.megahit.14_40_22	0.0	0.0	0.0	2.0	0.0	0.0	0.0	4.0	0.0
metabat2.megahit.14_40_3	5.0	0.0	0.0	1.0	0.0	0.0	4.0	3.0	0.0
metabat2.megahit.14_40_4	0.0	0.0	0.0	8.0	0.0	0.0	2.0	7.0	0.0
metabat2.megahit.14_40_5	2.0	0.0	0.0	5.0	0.0	0.0	0.0	2.0	0.0
metabat2.megahit.14_40_6	10.0	0.0	0.0	2.0	0.0	0.0	5.0	12.0	0.0
metabat2.megahit.14_40_7	2.0	0.0	0.0	4.0	0.0	0.0	4.0	3.0	0.0
metabat2.megahit.14_40_8	1.0	0.0	0.0	0.0	0.0	0.0	0.0	0.0	0.0
metabat2.megahit.14_40_9	3.0	0.0	0.0	3.0	0.0	0.0	2.0	4.0	0.0
metabat2.megahit.14_41_1	3.0	0.0	0.0	3.0	0.0	0.0	0.0	0.0	0.0
metabat2.megahit.14_41_10	0.0	0.0	0.0	1.0	0.0	0.0	0.0	0.0	0.0
metabat2.megahit.14_41_11	1.0	0.0	0.0	2.0	0.0	0.0	0.0	2.0	0.0
metabat2.megahit.14_41_12	0.0	0.0	0.0	5.0	0.0	0.0	1.0	1.0	0.0
metabat2.megahit.14_41_2	0.0	0.0	0.0	0.0	0.0	0.0	0.0	1.0	0.0
metabat2.megahit.14_41_3	23.0	0.0	0.0	92.0	0.0	0.0	27.0	36.0	0.0
metabat2.megahit.14_41_4	26.0	0.0	0.0	82.0	0.0	0.0	11.0	22.0	0.0
metabat2.megahit.14_41_5	2.0	0.0	0.0	10.0	0.0	0.0	1.0	1.0	0.0
metabat2.megahit.14_41_6	4.0	0.0	0.0	1.0	0.0	0.0	0.0	3.0	0.0
metabat2.megahit.14_41_7	11.0	0.0	0.0	21.0	0.0	0.0	3.0	5.0	0.0
metabat2.megahit.14_41_8	73.0	0.0	0.0	49.0	0.0	0.0	11.0	31.0	0.0
metabat2.megahit.14_41_9	0.0	0.0	0.0	0.0	0.0	0.0	0.0	0.0	0.0
metabat2.megahit.14_42_1	52.0	0.0	0.0	51.0	0.0	0.0	10.0	27.0	0.0
metabat2.megahit.14_42_2	327.0	0.0	0.0	307.0	0.0	0.0	91.0	176.0	0.0
metabat2.megahit.14_42_3	2.0	0.0	0.0	1.0	0.0	0.0	0.0	2.0	0.0
metabat2.megahit.14_42_4	16.0	0.0	0.0	5.0	0.0	0.0	2.0	26.0	0.0
metabat2.megahit.14_43_1	0.0	0.0	0.0	0.0	0.0	0.0	0.0	0.0	0.0
metabat2.megahit.14_43_2	10.0	0.0	0.0	14.0	0.0	0.0	2.0	7.0	0.0
metabat2.megahit.14_43_3	11.0	0.0	0.0	3.0	0.0	0.0	0.0	1.0	0.0
metabat2.megahit.14_43_4	0.0	0.0	0.0	7.0	0.0	0.0	0.0	1.0	0.0
metabat2.megahit.14_44_1	0.0	0.0	0.0	0.0	0.0	0.0	0.0	0.0	0.0
metabat2.megahit.14_44_2	0.0	0.0	0.0	2.0	0.0	0.0	0.0	0.0	0.0
metabat2.megahit.14_44_3	10.0	0.0	0.0	3.0	0.0	0.0	5.0	2.0	0.0
metabat2.megahit.14_44_4	1.0	0.0	0.0	6.0	0.0	0.0	0.0	1.0	0.0
metabat2.megahit.14_44_5	2.0	0.0	0.0	0.0	0.0	0.0	0.0	0.0	0.0
metabat2.megahit.14_45_1	0.0	0.0	0.0	0.0	0.0	0.0	0.0	1.0	0.0
metabat2.megahit.14_45_2	1.0	0.0	0.0	0.0	0.0	0.0	0.0	0.0	0.0
metabat2.megahit.14_45_3	0.0	0.0	0.0	0.0	0.0	0.0	0.0	0.0	0.0
metabat2.megahit.14_46_1	0.0	0.0	0.0	0.0	0.0	0.0	0.0	0.0	0.0
metabat2.megahit.14_46_2	13.0	0.0	0.0	36.0	0.0	0.0	10.0	8.0	0.0
metabat2.megahit.14_46_3	0.0	0.0	0.0	1.0	0.0	0.0	0.0	3.0	0.0
metabat2.megahit.14_46_4	5.0	0.0	0.0	10.0	0.0	0.0	2.0	3.0	0.0
metabat2.megahit.14_47_1	3.0	0.0	0.0	0.0	0.0	0.0	0.0	3.0	0.0
metabat2.megahit.14_47_2	2.0	0.0	0.0	6.0	0.0	0.0	1.0	4.0	0.0
metabat2.megahit.14_47_3	2.0	0.0	0.0	1.0	0.0	0.0	0.0	6.0	0.0
metabat2.megahit.14_47_4	2.0	0.0	0.0	2.0	0.0	0.0	2.0	6.0	0.0
metabat2.megahit.14_47_5	4.0	0.0	0.0	1.0	0.0	0.0	1.0	3.0	0.0
metabat2.megahit.14_47_6	9.0	0.0	0.0	1.0	0.0	0.0	3.0	5.0	0.0
metabat2.megahit.14_47_7	1.0	0.0	0.0	0.0	0.0	0.0	0.0	0.0	0.0
metabat2.megahit.14_47_8	2.0	0.0	0.0	1.0	0.0	0.0	2.0	3.0	0.0
metabat2.megahit.14_48_1	10.0	0.0	0.0	31.0	0.0	0.0	5.0	2.0	0.0
metabat2.megahit.14_48_2	0.0	0.0	0.0	0.0	0.0	0.0	3.0	0.0	0.0
metabat2.megahit.14_49_1	0.0	0.0	0.0	0.0	0.0	0.0	0.0	0.0	0.0
metabat2.megahit.14_49_10	146.0	0.0	0.0	87.0	0.0	0.0	29.0	55.0	0.0
metabat2.megahit.14_49_11	24.0	0.0	0.0	18.0	0.0	0.0	5.0	20.0	0.0
metabat2.megahit.14_49_12	93.0	0.0	0.0	86.0	0.0	0.0	21.0	35.0	0.0
metabat2.megahit.14_49_13	0.0	0.0	0.0	0.0	0.0	0.0	0.0	0.0	0.0
metabat2.megahit.14_49_14	0.0	0.0	0.0	0.0	0.0	0.0	0.0	0.0	0.0
metabat2.megahit.14_49_15	1.0	0.0	0.0	0.0	0.0	0.0	0.0	1.0	0.0
metabat2.megahit.14_49_16	3.0	0.0	0.0	3.0	0.0	0.0	0.0	0.0	0.0
metabat2.megahit.14_49_17	0.0	0.0	0.0	0.0	0.0	0.0	0.0	0.0	0.0
metabat2.megahit.14_49_18	0.0	0.0	0.0	0.0	0.0	0.0	0.0	0.0	0.0
metabat2.megahit.14_49_2	0.0	0.0	0.0	0.0	0.0	0.0	0.0	0.0	0.0
metabat2.megahit.14_49_3	1.0	0.0	0.0	3.0	0.0	0.0	1.0	1.0	0.0
metabat2.megahit.14_49_4	3.0	0.0	0.0	9.0	0.0	0.0	0.0	3.0	0.0
metabat2.megahit.14_49_5	4.0	0.0	0.0	6.0	0.0	0.0	2.0	2.0	0.0
metabat2.megahit.14_49_6	5.0	0.0	0.0	5.0	0.0	0.0	0.0	4.0	0.0
metabat2.megahit.14_49_7	9.0	0.0	0.0	17.0	0.0	0.0	3.0	7.0	0.0
metabat2.megahit.14_49_8	3.0	0.0	0.0	3.0	0.0	0.0	0.0	3.0	0.0
metabat2.megahit.14_49_9	42.0	0.0	0.0	26.0	0.0	0.0	27.0	25.0	0.0
metabat2.megahit.14_4_1	0.0	0.0	0.0	0.0	0.0	0.0	0.0	0.0	0.0
metabat2.megahit.14_4_2	14.0	0.0	0.0	19.0	0.0	0.0	4.0	13.0	0.0
metabat2.megahit.14_50_1	42.0	0.0	0.0	23.0	0.0	0.0	15.0	25.0	0.0
metabat2.megahit.14_50_10	0.0	0.0	0.0	0.0	0.0	0.0	0.0	0.0	0.0
metabat2.megahit.14_50_11	2.0	0.0	0.0	0.0	0.0	0.0	0.0	0.0	0.0
metabat2.megahit.14_50_12	0.0	0.0	0.0	0.0	0.0	0.0	0.0	0.0	0.0
metabat2.megahit.14_50_13	2.0	0.0	0.0	3.0	0.0	0.0	1.0	2.0	0.0
metabat2.megahit.14_50_14	36.0	0.0	0.0	9.0	0.0	0.0	4.0	16.0	0.0
metabat2.megahit.14_50_2	6.0	0.0	0.0	6.0	0.0	0.0	1.0	0.0	0.0
metabat2.megahit.14_50_3	0.0	0.0	0.0	6.0	0.0	0.0	1.0	0.0	0.0
metabat2.megahit.14_50_4	10.0	0.0	0.0	23.0	0.0	0.0	5.0	6.0	0.0
metabat2.megahit.14_50_5	10.0	0.0	0.0	35.0	0.0	0.0	4.0	2.0	0.0
metabat2.megahit.14_50_6	0.0	0.0	0.0	0.0	0.0	0.0	1.0	1.0	0.0
metabat2.megahit.14_50_7	0.0	0.0	0.0	0.0	0.0	0.0	1.0	1.0	0.0
metabat2.megahit.14_50_8	0.0	0.0	0.0	0.0	0.0	0.0	0.0	0.0	0.0
metabat2.megahit.14_50_9	0.0	0.0	0.0	0.0	0.0	0.0	0.0	0.0	0.0
metabat2.megahit.14_51_1	1.0	0.0	0.0	0.0	0.0	0.0	0.0	0.0	0.0
metabat2.megahit.14_51_10	5.0	0.0	0.0	10.0	0.0	0.0	3.0	12.0	0.0
metabat2.megahit.14_51_11	8.0	0.0	0.0	23.0	0.0	0.0	0.0	8.0	0.0
metabat2.megahit.14_51_12	1.0	0.0	0.0	5.0	0.0	0.0	2.0	3.0	0.0
metabat2.megahit.14_51_13	10.0	0.0	0.0	21.0	0.0	0.0	2.0	2.0	0.0
metabat2.megahit.14_51_2	11.0	0.0	0.0	4.0	0.0	0.0	0.0	9.0	0.0
metabat2.megahit.14_51_3	6.0	0.0	0.0	1.0	0.0	0.0	0.0	3.0	0.0
metabat2.megahit.14_51_4	4.0	0.0	0.0	3.0	0.0	0.0	2.0	3.0	0.0
metabat2.megahit.14_51_5	0.0	0.0	0.0	0.0	0.0	0.0	0.0	0.0	0.0
metabat2.megahit.14_51_6	0.0	0.0	0.0	1.0	0.0	0.0	0.0	1.0	0.0
metabat2.megahit.14_51_7	2.0	0.0	0.0	0.0	0.0	0.0	0.0	0.0	0.0
metabat2.megahit.14_51_8	2.0	0.0	0.0	1.0	0.0	0.0	0.0	0.0	0.0
metabat2.megahit.14_51_9	1.0	0.0	0.0	1.0	0.0	0.0	0.0	0.0	0.0
metabat2.megahit.14_52_1	0.0	0.0	0.0	4.0	0.0	0.0	0.0	2.0	0.0
metabat2.megahit.14_52_10	3.0	0.0	0.0	1.0	0.0	0.0	0.0	0.0	0.0
metabat2.megahit.14_52_11	1.0	0.0	0.0	6.0	0.0	0.0	5.0	2.0	0.0
metabat2.megahit.14_52_12	6.0	0.0	0.0	11.0	0.0	0.0	5.0	7.0	0.0
metabat2.megahit.14_52_13	1.0	0.0	0.0	0.0	0.0	0.0	0.0	0.0	0.0
metabat2.megahit.14_52_2	1.0	0.0	0.0	5.0	0.0	0.0	0.0	2.0	0.0
metabat2.megahit.14_52_3	12.0	0.0	0.0	13.0	0.0	0.0	4.0	5.0	0.0
metabat2.megahit.14_52_4	7.0	0.0	0.0	6.0	1.0	0.0	2.0	6.0	0.0
metabat2.megahit.14_52_5	9.0	0.0	0.0	3.0	0.0	0.0	3.0	9.0	0.0
metabat2.megahit.14_52_6	4.0	0.0	0.0	5.0	0.0	0.0	3.0	6.0	0.0
metabat2.megahit.14_52_7	3.0	0.0	0.0	8.0	0.0	0.0	1.0	11.0	0.0
metabat2.megahit.14_52_8	1.0	0.0	0.0	2.0	0.0	0.0	1.0	0.0	0.0
metabat2.megahit.14_52_9	0.0	0.0	0.0	2.0	0.0	0.0	0.0	0.0	0.0
metabat2.megahit.14_53_1	1.0	0.0	0.0	0.0	0.0	0.0	0.0	0.0	0.0
metabat2.megahit.14_53_10	0.0	0.0	0.0	3.0	0.0	0.0	0.0	3.0	0.0
metabat2.megahit.14_53_2	1.0	0.0	0.0	0.0	0.0	0.0	0.0	0.0	0.0
metabat2.megahit.14_53_3	0.0	0.0	0.0	0.0	0.0	0.0	0.0	0.0	0.0
metabat2.megahit.14_53_4	0.0	0.0	0.0	0.0	0.0	0.0	0.0	1.0	0.0
metabat2.megahit.14_53_5	0.0	0.0	0.0	8.0	0.0	0.0	1.0	0.0	0.0
metabat2.megahit.14_53_6	0.0	0.0	0.0	1.0	0.0	0.0	1.0	0.0	0.0
metabat2.megahit.14_53_7	6.0	0.0	0.0	3.0	0.0	0.0	0.0	3.0	0.0
metabat2.megahit.14_53_8	6.0	0.0	0.0	4.0	0.0	0.0	3.0	5.0	0.0
metabat2.megahit.14_53_9	1.0	0.0	0.0	2.0	0.0	0.0	0.0	1.0	0.0
metabat2.megahit.14_54_1	0.0	0.0	0.0	4.0	0.0	0.0	0.0	1.0	0.0
metabat2.megahit.14_54_10	1.0	0.0	0.0	1.0	0.0	0.0	2.0	0.0	0.0
metabat2.megahit.14_54_11	38.0	0.0	0.0	37.0	0.0	0.0	12.0	37.0	0.0
metabat2.megahit.14_54_12	4.0	0.0	0.0	18.0	0.0	0.0	6.0	18.0	0.0
metabat2.megahit.14_54_13	1.0	0.0	0.0	3.0	0.0	1.0	2.0	6.0	0.0
metabat2.megahit.14_54_14	2.0	0.0	0.0	2.0	0.0	0.0	7.0	5.0	0.0
metabat2.megahit.14_54_15	0.0	0.0	0.0	1.0	0.0	0.0	0.0	0.0	0.0
metabat2.megahit.14_54_16	7.0	0.0	0.0	7.0	0.0	0.0	1.0	7.0	0.0
metabat2.megahit.14_54_17	17.0	0.0	0.0	14.0	0.0	1.0	5.0	7.0	0.0
metabat2.megahit.14_54_18	10.0	0.0	0.0	5.0	0.0	0.0	3.0	14.0	0.0
metabat2.megahit.14_54_19	2.0	0.0	0.0	1.0	0.0	0.0	1.0	1.0	0.0
metabat2.megahit.14_54_2	0.0	0.0	0.0	0.0	0.0	0.0	0.0	0.0	0.0
metabat2.megahit.14_54_20	3.0	0.0	0.0	4.0	0.0	0.0	3.0	1.0	0.0
metabat2.megahit.14_54_21	8.0	0.0	0.0	9.0	0.0	0.0	4.0	4.0	0.0
metabat2.megahit.14_54_22	0.0	0.0	0.0	0.0	0.0	0.0	0.0	0.0	0.0
metabat2.megahit.14_54_3	0.0	0.0	0.0	1.0	0.0	0.0	0.0	0.0	0.0
metabat2.megahit.14_54_4	0.0	0.0	0.0	1.0	0.0	0.0	0.0	1.0	0.0
metabat2.megahit.14_54_5	5.0	0.0	0.0	3.0	0.0	0.0	0.0	2.0	0.0
metabat2.megahit.14_54_6	2.0	0.0	0.0	11.0	0.0	0.0	3.0	1.0	0.0
metabat2.megahit.14_54_7	0.0	0.0	0.0	0.0	0.0	0.0	0.0	0.0	0.0
metabat2.megahit.14_54_8	0.0	0.0	0.0	0.0	0.0	0.0	0.0	0.0	0.0
metabat2.megahit.14_54_9	0.0	0.0	0.0	0.0	0.0	0.0	0.0	0.0	0.0
metabat2.megahit.14_55_1	0.0	0.0	0.0	1.0	0.0	0.0	0.0	2.0	0.0
metabat2.megahit.14_55_2	0.0	0.0	0.0	3.0	0.0	0.0	0.0	1.0	0.0
metabat2.megahit.14_55_3	4.0	0.0	0.0	3.0	0.0	0.0	1.0	0.0	0.0
metabat2.megahit.14_55_4	0.0	0.0	0.0	0.0	0.0	0.0	0.0	0.0	0.0
metabat2.megahit.14_56_1	0.0	0.0	0.0	3.0	0.0	0.0	2.0	0.0	0.0
metabat2.megahit.14_56_2	0.0	0.0	0.0	1.0	0.0	0.0	1.0	1.0	0.0
metabat2.megahit.14_56_3	0.0	0.0	0.0	0.0	0.0	0.0	0.0	0.0	0.0
metabat2.megahit.14_56_4	2.0	0.0	0.0	0.0	0.0	0.0	0.0	0.0	0.0
metabat2.megahit.14_57_1	11.0	0.0	0.0	14.0	0.0	0.0	3.0	9.0	0.0
metabat2.megahit.14_57_2	1.0	0.0	0.0	6.0	0.0	0.0	3.0	0.0	0.0
metabat2.megahit.14_58_1	3.0	0.0	0.0	6.0	0.0	0.0	0.0	2.0	0.0
metabat2.megahit.14_58_2	2.0	0.0	0.0	2.0	0.0	0.0	0.0	0.0	0.0
metabat2.megahit.14_58_3	10.0	0.0	0.0	15.0	0.0	0.0	3.0	6.0	0.0
metabat2.megahit.14_58_4	0.0	0.0	0.0	0.0	0.0	0.0	0.0	1.0	0.0
metabat2.megahit.14_58_5	0.0	0.0	0.0	1.0	0.0	0.0	0.0	1.0	0.0
metabat2.megahit.14_59_1	10.0	0.0	0.0	3.0	0.0	0.0	2.0	2.0	0.0
metabat2.megahit.14_59_2	0.0	0.0	0.0	0.0	0.0	0.0	0.0	0.0	0.0
metabat2.megahit.14_59_3	5.0	0.0	0.0	12.0	0.0	0.0	3.0	5.0	0.0
metabat2.megahit.14_59_4	1.0	0.0	0.0	0.0	0.0	0.0	3.0	5.0	0.0
metabat2.megahit.14_5_1	0.0	0.0	0.0	0.0	0.0	0.0	2.0	0.0	0.0
metabat2.megahit.14_5_2	1.0	0.0	0.0	0.0	0.0	0.0	0.0	0.0	0.0
metabat2.megahit.14_5_3	0.0	0.0	0.0	2.0	0.0	0.0	0.0	0.0	0.0
metabat2.megahit.14_5_4	1.0	0.0	0.0	0.0	0.0	0.0	1.0	0.0	0.0
metabat2.megahit.14_5_5	1.0	0.0	0.0	0.0	0.0	0.0	0.0	0.0	0.0
metabat2.megahit.14_60_1	0.0	0.0	0.0	0.0	0.0	0.0	0.0	0.0	0.0
metabat2.megahit.14_60_10	4.0	0.0	0.0	13.0	0.0	0.0	3.0	3.0	0.0
metabat2.megahit.14_60_11	2.0	0.0	0.0	0.0	0.0	0.0	0.0	0.0	0.0
metabat2.megahit.14_60_2	0.0	0.0	0.0	0.0	0.0	0.0	0.0	0.0	0.0
metabat2.megahit.14_60_3	4.0	0.0	0.0	6.0	0.0	0.0	1.0	3.0	0.0
metabat2.megahit.14_60_4	0.0	0.0	0.0	1.0	0.0	0.0	0.0	0.0	0.0
metabat2.megahit.14_60_5	9.0	0.0	0.0	2.0	0.0	0.0	0.0	4.0	0.0
metabat2.megahit.14_60_6	3.0	0.0	0.0	5.0	0.0	0.0	1.0	3.0	0.0
metabat2.megahit.14_60_7	5.0	0.0	0.0	7.0	0.0	0.0	6.0	12.0	0.0
metabat2.megahit.14_60_8	0.0	0.0	0.0	1.0	0.0	0.0	0.0	2.0	0.0
metabat2.megahit.14_60_9	2.0	0.0	0.0	8.0	0.0	0.0	4.0	6.0	0.0
metabat2.megahit.14_61_1	1.0	0.0	0.0	0.0	0.0	0.0	0.0	0.0	0.0
metabat2.megahit.14_61_2	0.0	0.0	0.0	2.0	0.0	0.0	0.0	0.0	0.0
metabat2.megahit.14_61_3	9.0	0.0	0.0	6.0	0.0	0.0	7.0	4.0	0.0
metabat2.megahit.14_61_4	2.0	0.0	0.0	1.0	0.0	0.0	1.0	2.0	0.0
metabat2.megahit.14_61_5	0.0	0.0	0.0	0.0	0.0	0.0	0.0	2.0	0.0
metabat2.megahit.14_61_6	0.0	0.0	0.0	0.0	0.0	0.0	0.0	0.0	0.0
metabat2.megahit.14_61_7	0.0	0.0	0.0	0.0	0.0	0.0	0.0	0.0	0.0
metabat2.megahit.14_61_8	3.0	0.0	0.0	4.0	0.0	0.0	0.0	2.0	0.0
metabat2.megahit.14_61_9	0.0	0.0	0.0	0.0	0.0	0.0	0.0	0.0	0.0
metabat2.megahit.14_62_1	3.0	0.0	0.0	1.0	0.0	0.0	7.0	2.0	0.0
metabat2.megahit.14_62_10	0.0	0.0	0.0	0.0	0.0	0.0	0.0	0.0	0.0
metabat2.megahit.14_62_11	0.0	0.0	0.0	0.0	0.0	0.0	0.0	0.0	0.0
metabat2.megahit.14_62_12	0.0	0.0	0.0	0.0	0.0	0.0	0.0	0.0	0.0
metabat2.megahit.14_62_13	6.0	0.0	0.0	3.0	0.0	0.0	1.0	1.0	0.0
metabat2.megahit.14_62_14	0.0	0.0	0.0	1.0	0.0	0.0	2.0	0.0	0.0
metabat2.megahit.14_62_2	1.0	0.0	0.0	1.0	0.0	0.0	1.0	3.0	0.0
metabat2.megahit.14_62_3	0.0	0.0	0.0	10.0	0.0	0.0	1.0	2.0	0.0
metabat2.megahit.14_62_4	8.0	0.0	0.0	5.0	0.0	0.0	4.0	1.0	0.0
metabat2.megahit.14_62_5	97.0	0.0	0.0	61.0	0.0	0.0	22.0	43.0	0.0
metabat2.megahit.14_62_6	1.0	0.0	0.0	0.0	0.0	0.0	2.0	3.0	0.0
metabat2.megahit.14_62_7	2.0	0.0	0.0	0.0	0.0	0.0	0.0	0.0	0.0
metabat2.megahit.14_62_8	0.0	0.0	0.0	0.0	0.0	0.0	0.0	0.0	0.0
metabat2.megahit.14_62_9	0.0	0.0	0.0	1.0	0.0	0.0	0.0	0.0	0.0
metabat2.megahit.14_63_1	1.0	0.0	0.0	4.0	0.0	0.0	0.0	0.0	0.0
metabat2.megahit.14_63_2	51.0	0.0	0.0	60.0	0.0	0.0	4.0	12.0	0.0
metabat2.megahit.14_63_3	122.0	0.0	0.0	135.0	0.0	1.0	16.0	24.0	0.0
metabat2.megahit.14_63_4	0.0	0.0	0.0	6.0	0.0	0.0	2.0	2.0	0.0
metabat2.megahit.14_63_5	5.0	0.0	0.0	12.0	0.0	0.0	0.0	0.0	0.0
metabat2.megahit.14_63_6	16.0	0.0	0.0	15.0	0.0	0.0	0.0	3.0	0.0
metabat2.megahit.14_63_7	51.0	0.0	0.0	40.0	0.0	0.0	10.0	7.0	0.0
metabat2.megahit.14_63_8	11.0	0.0	0.0	6.0	0.0	0.0	1.0	2.0	0.0
metabat2.megahit.14_63_9	1.0	0.0	0.0	0.0	0.0	0.0	0.0	1.0	0.0
metabat2.megahit.14_64_1	12.0	0.0	0.0	12.0	0.0	0.0	7.0	9.0	0.0
metabat2.megahit.14_64_2	43.0	0.0	0.0	38.0	0.0	1.0	26.0	28.0	0.0
metabat2.megahit.14_64_3	39.0	0.0	0.0	24.0	1.0	0.0	16.0	22.0	0.0
metabat2.megahit.14_65_1	0.0	0.0	0.0	3.0	0.0	0.0	0.0	1.0	0.0
metabat2.megahit.14_65_2	0.0	0.0	0.0	0.0	0.0	0.0	0.0	0.0	0.0
metabat2.megahit.14_65_3	3.0	0.0	0.0	2.0	0.0	0.0	2.0	1.0	0.0
metabat2.megahit.14_66_1	0.0	0.0	0.0	0.0	0.0	0.0	0.0	0.0	0.0
metabat2.megahit.14_66_2	3.0	0.0	0.0	1.0	0.0	0.0	0.0	0.0	0.0
metabat2.megahit.14_66_3	3.0	0.0	0.0	0.0	0.0	0.0	0.0	1.0	0.0
metabat2.megahit.14_66_4	16.0	0.0	0.0	1.0	0.0	0.0	10.0	10.0	0.0
metabat2.megahit.14_66_5	0.0	0.0	0.0	0.0	0.0	0.0	1.0	1.0	0.0
metabat2.megahit.14_66_6	1.0	0.0	0.0	0.0	0.0	0.0	0.0	0.0	0.0
metabat2.megahit.14_66_7	0.0	0.0	0.0	0.0	0.0	0.0	1.0	0.0	0.0
metabat2.megahit.14_66_8	13.0	0.0	0.0	0.0	0.0	0.0	4.0	3.0	0.0
metabat2.megahit.14_66_9	0.0	0.0	0.0	0.0	0.0	0.0	0.0	0.0	0.0
metabat2.megahit.14_67_1	0.0	0.0	0.0	0.0	0.0	0.0	0.0	0.0	0.0
metabat2.megahit.14_67_2	0.0	0.0	0.0	2.0	0.0	0.0	0.0	0.0	0.0
metabat2.megahit.14_67_3	4.0	0.0	0.0	6.0	0.0	0.0	0.0	4.0	0.0
metabat2.megahit.14_67_4	1.0	0.0	0.0	3.0	0.0	0.0	1.0	2.0	0.0
metabat2.megahit.14_67_5	8.0	0.0	0.0	19.0	0.0	0.0	0.0	6.0	0.0
metabat2.megahit.14_67_6	0.0	0.0	0.0	0.0	0.0	0.0	0.0	0.0	0.0
metabat2.megahit.14_67_7	17.0	0.0	0.0	10.0	0.0	0.0	3.0	13.0	0.0
metabat2.megahit.14_67_8	1.0	0.0	0.0	1.0	0.0	0.0	1.0	0.0	0.0
metabat2.megahit.14_67_9	11.0	0.0	0.0	21.0	0.0	0.0	13.0	13.0	0.0
metabat2.megahit.14_68_1	5.0	0.0	0.0	9.0	0.0	0.0	2.0	4.0	0.0
metabat2.megahit.14_68_2	2.0	0.0	0.0	1.0	0.0	0.0	0.0	4.0	0.0
metabat2.megahit.14_68_3	0.0	0.0	0.0	0.0	0.0	0.0	0.0	0.0	0.0
metabat2.megahit.14_68_4	0.0	0.0	0.0	0.0	0.0	0.0	0.0	0.0	0.0
metabat2.megahit.14_68_5	0.0	0.0	0.0	0.0	0.0	0.0	0.0	0.0	0.0
metabat2.megahit.14_68_6	0.0	0.0	0.0	0.0	0.0	0.0	0.0	0.0	0.0
metabat2.megahit.14_69_1	0.0	0.0	0.0	0.0	0.0	0.0	0.0	1.0	0.0
metabat2.megahit.14_69_10	0.0	0.0	0.0	1.0	0.0	0.0	0.0	0.0	0.0
metabat2.megahit.14_69_11	4.0	0.0	0.0	4.0	0.0	0.0	0.0	2.0	0.0
metabat2.megahit.14_69_2	1.0	0.0	0.0	0.0	0.0	0.0	0.0	0.0	0.0
metabat2.megahit.14_69_3	1.0	0.0	0.0	0.0	0.0	0.0	0.0	0.0	0.0
metabat2.megahit.14_69_4	1.0	0.0	0.0	0.0	0.0	0.0	0.0	2.0	0.0
metabat2.megahit.14_69_5	0.0	0.0	0.0	0.0	0.0	0.0	0.0	2.0	0.0
metabat2.megahit.14_69_6	0.0	0.0	0.0	0.0	0.0	0.0	0.0	0.0	0.0
metabat2.megahit.14_69_7	0.0	0.0	0.0	0.0	0.0	0.0	0.0	0.0	0.0
metabat2.megahit.14_69_8	0.0	0.0	0.0	0.0	0.0	0.0	0.0	0.0	0.0
metabat2.megahit.14_69_9	5.0	0.0	0.0	8.0	0.0	0.0	5.0	6.0	0.0
metabat2.megahit.14_6_1	108.0	0.0	0.0	36.0	0.0	0.0	28.0	41.0	0.0
metabat2.megahit.14_6_2	6.0	0.0	0.0	2.0	0.0	0.0	1.0	2.0	0.0
metabat2.megahit.14_70_1	0.0	0.0	0.0	0.0	0.0	0.0	0.0	0.0	0.0
metabat2.megahit.14_70_10	0.0	0.0	0.0	0.0	0.0	0.0	0.0	0.0	0.0
metabat2.megahit.14_70_2	4.0	0.0	0.0	6.0	0.0	0.0	2.0	2.0	0.0
metabat2.megahit.14_70_3	0.0	0.0	0.0	6.0	0.0	0.0	1.0	1.0	0.0
metabat2.megahit.14_70_4	0.0	0.0	0.0	3.0	0.0	0.0	0.0	0.0	0.0
metabat2.megahit.14_70_5	0.0	0.0	0.0	1.0	0.0	0.0	0.0	0.0	0.0
metabat2.megahit.14_70_6	0.0	0.0	0.0	2.0	0.0	0.0	1.0	0.0	0.0
metabat2.megahit.14_70_7	0.0	0.0	0.0	0.0	0.0	0.0	0.0	0.0	0.0
metabat2.megahit.14_70_8	0.0	0.0	0.0	0.0	0.0	0.0	0.0	0.0	0.0
metabat2.megahit.14_70_9	0.0	0.0	0.0	0.0	0.0	0.0	0.0	1.0	0.0
metabat2.megahit.14_71_1	0.0	0.0	0.0	8.0	0.0	0.0	4.0	10.0	0.0
metabat2.megahit.14_71_2	0.0	0.0	0.0	2.0	0.0	0.0	0.0	1.0	0.0
metabat2.megahit.14_71_3	0.0	0.0	0.0	1.0	0.0	0.0	0.0	0.0	0.0
metabat2.megahit.14_71_4	0.0	0.0	0.0	0.0	0.0	0.0	0.0	0.0	0.0
metabat2.megahit.14_71_5	5.0	0.0	0.0	7.0	0.0	0.0	3.0	5.0	0.0
metabat2.megahit.14_71_6	0.0	0.0	0.0	2.0	0.0	0.0	0.0	3.0	0.0
metabat2.megahit.14_71_7	0.0	0.0	0.0	0.0	0.0	0.0	0.0	0.0	0.0
metabat2.megahit.14_71_8	0.0	0.0	0.0	0.0	0.0	0.0	0.0	0.0	0.0
metabat2.megahit.14_72_1	0.0	0.0	0.0	0.0	0.0	0.0	0.0	0.0	0.0
metabat2.megahit.14_72_2	1.0	0.0	0.0	3.0	0.0	0.0	0.0	0.0	0.0
metabat2.megahit.14_72_3	0.0	0.0	0.0	0.0	0.0	0.0	1.0	0.0	0.0
metabat2.megahit.14_72_4	1.0	0.0	0.0	0.0	0.0	0.0	0.0	1.0	0.0
metabat2.megahit.14_72_5	0.0	0.0	0.0	0.0	0.0	0.0	2.0	2.0	0.0
metabat2.megahit.14_72_6	0.0	0.0	0.0	0.0	0.0	0.0	0.0	0.0	0.0
metabat2.megahit.14_73_1	3.0	0.0	0.0	6.0	0.0	0.0	0.0	0.0	0.0
metabat2.megahit.14_73_10	13.0	0.0	0.0	3.0	0.0	0.0	2.0	2.0	0.0
metabat2.megahit.14_73_11	6.0	0.0	0.0	6.0	0.0	0.0	1.0	4.0	0.0
metabat2.megahit.14_73_12	1.0	0.0	0.0	3.0	0.0	0.0	1.0	1.0	0.0
metabat2.megahit.14_73_13	1.0	0.0	0.0	4.0	0.0	0.0	0.0	0.0	0.0
metabat2.megahit.14_73_14	0.0	0.0	0.0	2.0	0.0	0.0	0.0	3.0	0.0
metabat2.megahit.14_73_15	1.0	0.0	0.0	0.0	0.0	0.0	0.0	0.0	0.0
metabat2.megahit.14_73_2	3.0	0.0	0.0	0.0	0.0	0.0	0.0	1.0	0.0
metabat2.megahit.14_73_3	12.0	0.0	0.0	7.0	0.0	0.0	5.0	8.0	0.0
metabat2.megahit.14_73_4	11.0	0.0	0.0	6.0	0.0	0.0	5.0	2.0	0.0
metabat2.megahit.14_73_5	0.0	0.0	0.0	0.0	0.0	0.0	1.0	0.0	0.0
metabat2.megahit.14_73_6	0.0	0.0	0.0	2.0	0.0	0.0	3.0	3.0	0.0
metabat2.megahit.14_73_7	2.0	0.0	0.0	4.0	0.0	0.0	1.0	1.0	0.0
metabat2.megahit.14_73_8	2.0	0.0	0.0	1.0	0.0	0.0	0.0	1.0	0.0
metabat2.megahit.14_73_9	0.0	0.0	0.0	0.0	0.0	0.0	0.0	0.0	0.0
metabat2.megahit.14_74_1	0.0	0.0	0.0	1.0	0.0	0.0	0.0	0.0	0.0
metabat2.megahit.14_74_10	6.0	0.0	0.0	1.0	0.0	0.0	0.0	3.0	0.0
metabat2.megahit.14_74_11	0.0	0.0	0.0	1.0	0.0	0.0	0.0	0.0	0.0
metabat2.megahit.14_74_2	0.0	0.0	0.0	0.0	0.0	0.0	0.0	0.0	0.0
metabat2.megahit.14_74_3	2.0	0.0	0.0	5.0	0.0	0.0	1.0	6.0	0.0
metabat2.megahit.14_74_4	4.0	0.0	0.0	13.0	0.0	0.0	3.0	6.0	0.0
metabat2.megahit.14_74_5	0.0	0.0	0.0	0.0	0.0	0.0	0.0	0.0	0.0
metabat2.megahit.14_74_6	0.0	0.0	0.0	0.0	0.0	0.0	0.0	0.0	0.0
metabat2.megahit.14_74_7	20.0	0.0	0.0	28.0	0.0	0.0	8.0	18.0	0.0
metabat2.megahit.14_74_8	0.0	0.0	0.0	3.0	0.0	0.0	2.0	1.0	0.0
metabat2.megahit.14_74_9	5.0	0.0	0.0	10.0	0.0	0.0	5.0	7.0	0.0
metabat2.megahit.14_75_1	1.0	0.0	0.0	0.0	0.0	0.0	0.0	1.0	0.0
metabat2.megahit.14_75_2	1.0	0.0	0.0	3.0	0.0	0.0	2.0	3.0	0.0
metabat2.megahit.14_75_3	11.0	0.0	0.0	13.0	0.0	0.0	4.0	2.0	0.0
metabat2.megahit.14_75_4	1.0	0.0	0.0	2.0	0.0	0.0	0.0	3.0	0.0
metabat2.megahit.14_75_5	4.0	0.0	0.0	8.0	0.0	0.0	1.0	1.0	0.0
metabat2.megahit.14_75_6	2.0	0.0	0.0	3.0	0.0	0.0	1.0	0.0	0.0
metabat2.megahit.14_76_1	1.0	0.0	0.0	5.0	0.0	0.0	0.0	2.0	0.0
metabat2.megahit.14_76_2	1.0	0.0	0.0	0.0	0.0	0.0	0.0	2.0	0.0
metabat2.megahit.14_76_3	2.0	0.0	0.0	6.0	0.0	0.0	0.0	6.0	0.0
metabat2.megahit.14_76_4	0.0	0.0	0.0	0.0	0.0	0.0	0.0	0.0	0.0
metabat2.megahit.14_76_5	0.0	0.0	0.0	0.0	0.0	0.0	0.0	0.0	0.0
metabat2.megahit.14_77_1	1.0	0.0	0.0	0.0	0.0	0.0	0.0	0.0	0.0
metabat2.megahit.14_77_2	0.0	0.0	0.0	0.0	0.0	0.0	0.0	0.0	0.0
metabat2.megahit.14_77_3	0.0	0.0	0.0	0.0	0.0	0.0	0.0	0.0	0.0
metabat2.megahit.14_77_4	0.0	0.0	0.0	0.0	0.0	0.0	0.0	0.0	0.0
metabat2.megahit.14_78_1	0.0	0.0	0.0	0.0	0.0	0.0	0.0	0.0	0.0
metabat2.megahit.14_78_2	0.0	0.0	0.0	0.0	0.0	0.0	0.0	0.0	0.0
metabat2.megahit.14_78_3	0.0	0.0	0.0	0.0	0.0	0.0	2.0	0.0	0.0
metabat2.megahit.14_78_4	9.0	0.0	0.0	4.0	0.0	0.0	0.0	2.0	0.0
metabat2.megahit.14_78_5	0.0	0.0	0.0	0.0	0.0	0.0	0.0	0.0	0.0
metabat2.megahit.14_78_6	0.0	0.0	0.0	0.0	0.0	0.0	0.0	0.0	0.0
metabat2.megahit.14_78_7	0.0	0.0	0.0	0.0	0.0	0.0	0.0	0.0	0.0
metabat2.megahit.14_78_8	0.0	0.0	0.0	0.0	0.0	0.0	0.0	0.0	0.0
metabat2.megahit.14_79_1	0.0	0.0	0.0	1.0	0.0	0.0	0.0	0.0	0.0
metabat2.megahit.14_79_2	0.0	0.0	0.0	2.0	0.0	0.0	0.0	0.0	0.0
metabat2.megahit.14_79_3	0.0	0.0	0.0	0.0	0.0	0.0	0.0	0.0	0.0
metabat2.megahit.14_79_4	2.0	0.0	0.0	4.0	0.0	0.0	1.0	1.0	0.0
metabat2.megahit.14_79_5	1.0	0.0	0.0	0.0	0.0	0.0	0.0	0.0	0.0
metabat2.megahit.14_79_6	0.0	0.0	0.0	0.0	0.0	0.0	0.0	2.0	0.0
metabat2.megahit.14_7_1	3.0	0.0	0.0	3.0	0.0	0.0	0.0	1.0	0.0
metabat2.megahit.14_7_2	0.0	0.0	0.0	0.0	0.0	0.0	0.0	0.0	0.0
metabat2.megahit.14_7_3	0.0	0.0	0.0	0.0	0.0	0.0	1.0	1.0	0.0
metabat2.megahit.14_80_1	6.0	0.0	0.0	17.0	0.0	0.0	2.0	4.0	0.0
metabat2.megahit.14_80_2	0.0	0.0	0.0	0.0	0.0	0.0	0.0	0.0	0.0
metabat2.megahit.14_81_1	0.0	0.0	0.0	0.0	0.0	0.0	0.0	0.0	0.0
metabat2.megahit.14_81_2	1.0	0.0	0.0	3.0	0.0	0.0	0.0	0.0	0.0
metabat2.megahit.14_81_3	5.0	0.0	0.0	2.0	0.0	0.0	0.0	1.0	0.0
metabat2.megahit.14_81_4	0.0	0.0	0.0	0.0	0.0	0.0	0.0	0.0	0.0
metabat2.megahit.14_81_5	0.0	0.0	0.0	0.0	0.0	0.0	0.0	1.0	0.0
metabat2.megahit.14_81_6	0.0	0.0	0.0	0.0	0.0	0.0	0.0	0.0	0.0
metabat2.megahit.14_81_7	12.0	0.0	0.0	4.0	0.0	0.0	2.0	3.0	0.0
metabat2.megahit.14_81_8	0.0	0.0	0.0	2.0	0.0	0.0	0.0	0.0	0.0
metabat2.megahit.14_82_1	0.0	0.0	0.0	0.0	0.0	0.0	0.0	0.0	0.0
metabat2.megahit.14_82_2	2.0	0.0	0.0	0.0	0.0	0.0	0.0	0.0	0.0
metabat2.megahit.14_82_3	0.0	0.0	0.0	0.0	0.0	0.0	0.0	0.0	0.0
metabat2.megahit.14_83_1	4.0	0.0	0.0	7.0	0.0	0.0	1.0	0.0	0.0
metabat2.megahit.14_83_2	3.0	0.0	0.0	1.0	0.0	0.0	2.0	0.0	0.0
metabat2.megahit.14_83_3	1.0	0.0	0.0	6.0	0.0	0.0	2.0	0.0	0.0
metabat2.megahit.14_83_4	3.0	0.0	0.0	4.0	0.0	0.0	3.0	1.0	0.0
metabat2.megahit.14_84_1	0.0	0.0	0.0	0.0	0.0	0.0	0.0	0.0	0.0
metabat2.megahit.14_84_10	0.0	0.0	0.0	0.0	0.0	0.0	0.0	5.0	0.0
metabat2.megahit.14_84_11	3.0	0.0	0.0	0.0	0.0	0.0	0.0	1.0	0.0
metabat2.megahit.14_84_12	0.0	0.0	0.0	0.0	0.0	0.0	0.0	0.0	0.0
metabat2.megahit.14_84_2	0.0	0.0	0.0	0.0	0.0	0.0	0.0	0.0	0.0
metabat2.megahit.14_84_3	1.0	0.0	0.0	0.0	0.0	0.0	0.0	0.0	0.0
metabat2.megahit.14_84_4	4.0	0.0	0.0	1.0	0.0	0.0	0.0	0.0	0.0
metabat2.megahit.14_84_5	5.0	0.0	0.0	7.0	0.0	0.0	5.0	8.0	0.0
metabat2.megahit.14_84_6	0.0	0.0	0.0	0.0	0.0	0.0	0.0	0.0	0.0
metabat2.megahit.14_84_7	0.0	0.0	0.0	1.0	0.0	0.0	0.0	0.0	0.0
metabat2.megahit.14_84_8	3.0	0.0	0.0	0.0	0.0	0.0	1.0	0.0	0.0
metabat2.megahit.14_84_9	0.0	0.0	0.0	0.0	0.0	0.0	2.0	2.0	0.0
metabat2.megahit.14_85_1	0.0	0.0	0.0	0.0	0.0	0.0	0.0	0.0	0.0
metabat2.megahit.14_85_2	0.0	0.0	0.0	0.0	0.0	0.0	0.0	0.0	0.0
metabat2.megahit.14_85_3	0.0	0.0	0.0	1.0	0.0	0.0	0.0	0.0	0.0
metabat2.megahit.14_85_4	11.0	0.0	0.0	5.0	0.0	0.0	0.0	4.0	0.0
metabat2.megahit.14_85_5	0.0	0.0	0.0	0.0	0.0	0.0	0.0	0.0	0.0
metabat2.megahit.14_86_1	0.0	0.0	0.0	1.0	0.0	0.0	0.0	0.0	0.0
metabat2.megahit.14_86_2	1.0	0.0	0.0	1.0	0.0	0.0	1.0	0.0	0.0
metabat2.megahit.14_86_3	14.0	0.0	0.0	15.0	0.0	0.0	7.0	10.0	0.0
metabat2.megahit.14_86_4	9.0	0.0	0.0	15.0	0.0	0.0	3.0	0.0	0.0
metabat2.megahit.14_86_5	5.0	0.0	0.0	4.0	0.0	0.0	2.0	1.0	0.0
metabat2.megahit.14_86_6	10.0	0.0	0.0	0.0	0.0	0.0	1.0	3.0	0.0
metabat2.megahit.14_86_7	3.0	0.0	0.0	1.0	0.0	0.0	2.0	0.0	0.0
metabat2.megahit.14_86_8	15.0	0.0	0.0	18.0	0.0	0.0	11.0	13.0	0.0
metabat2.megahit.14_86_9	4.0	0.0	0.0	2.0	0.0	0.0	1.0	1.0	0.0
metabat2.megahit.14_87_1	15.0	0.0	0.0	10.0	0.0	0.0	4.0	9.0	0.0
metabat2.megahit.14_87_2	1.0	0.0	0.0	0.0	0.0	0.0	0.0	0.0	0.0
metabat2.megahit.14_87_3	3.0	0.0	0.0	4.0	0.0	0.0	0.0	4.0	0.0
metabat2.megahit.14_87_4	0.0	0.0	0.0	0.0	0.0	0.0	0.0	1.0	0.0
metabat2.megahit.14_87_5	4.0	0.0	0.0	0.0	0.0	0.0	1.0	3.0	0.0
metabat2.megahit.14_88_1	7.0	0.0	0.0	9.0	0.0	0.0	5.0	10.0	0.0
metabat2.megahit.14_88_2	11.0	0.0	0.0	8.0	0.0	0.0	8.0	2.0	0.0
metabat2.megahit.14_88_3	0.0	0.0	0.0	0.0	0.0	0.0	0.0	0.0	0.0
metabat2.megahit.14_88_4	0.0	0.0	0.0	0.0	0.0	0.0	0.0	0.0	0.0
metabat2.megahit.14_88_5	0.0	0.0	0.0	0.0	0.0	0.0	0.0	0.0	0.0
metabat2.megahit.14_88_6	0.0	0.0	0.0	2.0	0.0	0.0	0.0	1.0	0.0
metabat2.megahit.14_88_7	0.0	0.0	0.0	0.0	0.0	0.0	0.0	0.0	0.0
metabat2.megahit.14_89_1	9.0	0.0	0.0	8.0	0.0	0.0	2.0	6.0	0.0
metabat2.megahit.14_89_2	4.0	0.0	0.0	2.0	0.0	0.0	3.0	2.0	0.0
metabat2.megahit.14_89_3	0.0	0.0	0.0	0.0	0.0	0.0	0.0	0.0	0.0
metabat2.megahit.14_8_1	7.0	0.0	0.0	2.0	0.0	0.0	4.0	2.0	0.0
metabat2.megahit.14_8_2	0.0	0.0	0.0	0.0	0.0	0.0	0.0	0.0	0.0
metabat2.megahit.14_8_3	0.0	0.0	0.0	0.0	0.0	0.0	0.0	0.0	0.0
metabat2.megahit.14_8_4	0.0	0.0	0.0	0.0	0.0	0.0	0.0	0.0	0.0
metabat2.megahit.14_90_1	0.0	0.0	0.0	0.0	0.0	0.0	0.0	0.0	0.0
metabat2.megahit.14_90_2	3.0	0.0	0.0	1.0	0.0	0.0	0.0	0.0	0.0
metabat2.megahit.14_90_3	0.0	0.0	0.0	0.0	0.0	0.0	0.0	1.0	0.0
metabat2.megahit.14_91_1	29.0	0.0	0.0	5.0	0.0	0.0	9.0	15.0	0.0
metabat2.megahit.14_91_10	0.0	0.0	0.0	2.0	0.0	0.0	0.0	0.0	0.0
metabat2.megahit.14_91_2	116.0	0.0	0.0	31.0	0.0	0.0	20.0	56.0	0.0
metabat2.megahit.14_91_3	7.0	0.0	0.0	3.0	0.0	0.0	0.0	4.0	0.0
metabat2.megahit.14_91_4	3.0	0.0	0.0	3.0	0.0	0.0	2.0	3.0	0.0
metabat2.megahit.14_91_5	2.0	0.0	0.0	0.0	0.0	0.0	0.0	0.0	0.0
metabat2.megahit.14_91_6	0.0	0.0	0.0	0.0	0.0	0.0	0.0	0.0	0.0
metabat2.megahit.14_91_7	1.0	0.0	0.0	1.0	0.0	0.0	1.0	4.0	0.0
metabat2.megahit.14_91_8	4.0	0.0	0.0	1.0	0.0	0.0	2.0	4.0	0.0
metabat2.megahit.14_91_9	1.0	0.0	0.0	0.0	0.0	0.0	1.0	1.0	0.0
metabat2.megahit.14_92_1	41.0	0.0	0.0	29.0	0.0	0.0	13.0	38.0	0.0
metabat2.megahit.14_92_2	3.0	0.0	0.0	0.0	0.0	0.0	0.0	0.0	0.0
metabat2.megahit.14_92_3	0.0	0.0	0.0	3.0	0.0	0.0	1.0	0.0	0.0
metabat2.megahit.14_92_4	0.0	0.0	0.0	6.0	0.0	0.0	2.0	2.0	0.0
metabat2.megahit.14_92_5	1.0	0.0	0.0	3.0	0.0	0.0	3.0	4.0	0.0
metabat2.megahit.14_92_6	3.0	0.0	0.0	0.0	0.0	0.0	1.0	3.0	0.0
metabat2.megahit.14_92_7	0.0	0.0	0.0	0.0	0.0	0.0	0.0	0.0	0.0
metabat2.megahit.14_93_1	11.0	0.0	0.0	19.0	0.0	0.0	9.0	19.0	0.0
metabat2.megahit.14_94_1	0.0	0.0	0.0	1.0	0.0	0.0	0.0	0.0	0.0
metabat2.megahit.14_94_10	0.0	0.0	0.0	1.0	0.0	0.0	0.0	0.0	0.0
metabat2.megahit.14_94_11	11.0	0.0	0.0	11.0	0.0	0.0	1.0	1.0	0.0
metabat2.megahit.14_94_12	0.0	0.0	0.0	0.0	0.0	0.0	0.0	0.0	0.0
metabat2.megahit.14_94_13	1.0	0.0	0.0	3.0	0.0	0.0	1.0	0.0	0.0
metabat2.megahit.14_94_14	3.0	0.0	0.0	10.0	0.0	0.0	3.0	4.0	0.0
metabat2.megahit.14_94_2	3.0	0.0	0.0	3.0	0.0	0.0	4.0	2.0	0.0
metabat2.megahit.14_94_3	0.0	0.0	0.0	2.0	0.0	0.0	0.0	0.0	0.0
metabat2.megahit.14_94_4	0.0	0.0	0.0	0.0	0.0	0.0	0.0	0.0	0.0
metabat2.megahit.14_94_5	1.0	0.0	0.0	0.0	0.0	0.0	0.0	2.0	0.0
metabat2.megahit.14_94_6	2.0	0.0	0.0	3.0	0.0	0.0	0.0	1.0	0.0
metabat2.megahit.14_94_7	0.0	0.0	0.0	2.0	0.0	0.0	0.0	1.0	0.0
metabat2.megahit.14_94_8	0.0	0.0	0.0	2.0	0.0	0.0	0.0	0.0	0.0
metabat2.megahit.14_94_9	1.0	0.0	0.0	3.0	0.0	0.0	0.0	2.0	0.0
metabat2.megahit.14_95_1	0.0	0.0	0.0	0.0	0.0	0.0	0.0	0.0	0.0
metabat2.megahit.14_95_10	2.0	0.0	0.0	0.0	0.0	0.0	0.0	0.0	0.0
metabat2.megahit.14_95_2	0.0	0.0	0.0	3.0	0.0	0.0	1.0	0.0	0.0
metabat2.megahit.14_95_3	3.0	0.0	0.0	2.0	0.0	0.0	1.0	2.0	0.0
metabat2.megahit.14_95_4	0.0	0.0	0.0	7.0	0.0	0.0	1.0	1.0	0.0
metabat2.megahit.14_95_5	2.0	0.0	0.0	4.0	0.0	0.0	0.0	2.0	0.0
metabat2.megahit.14_95_6	0.0	0.0	0.0	0.0	0.0	0.0	0.0	0.0	0.0
metabat2.megahit.14_95_7	0.0	0.0	0.0	1.0	0.0	0.0	0.0	0.0	0.0
metabat2.megahit.14_95_8	47.0	0.0	0.0	17.0	0.0	0.0	15.0	16.0	0.0
metabat2.megahit.14_95_9	0.0	0.0	0.0	0.0	0.0	0.0	0.0	1.0	0.0
metabat2.megahit.14_96_1	6.0	0.0	0.0	10.0	0.0	0.0	3.0	6.0	0.0
metabat2.megahit.14_96_10	2.0	0.0	0.0	1.0	0.0	0.0	1.0	0.0	0.0
metabat2.megahit.14_96_11	0.0	0.0	0.0	1.0	0.0	0.0	0.0	0.0	0.0
metabat2.megahit.14_96_12	0.0	0.0	0.0	0.0	0.0	0.0	0.0	0.0	0.0
metabat2.megahit.14_96_13	1.0	0.0	0.0	5.0	0.0	0.0	0.0	4.0	0.0
metabat2.megahit.14_96_14	0.0	0.0	0.0	0.0	0.0	0.0	0.0	0.0	0.0
metabat2.megahit.14_96_15	6.0	0.0	0.0	3.0	0.0	0.0	2.0	3.0	0.0
metabat2.megahit.14_96_16	1.0	0.0	0.0	4.0	0.0	0.0	1.0	4.0	0.0
metabat2.megahit.14_96_17	1.0	0.0	0.0	0.0	0.0	0.0	0.0	3.0	0.0
metabat2.megahit.14_96_18	0.0	0.0	0.0	0.0	0.0	0.0	0.0	0.0	0.0
metabat2.megahit.14_96_19	0.0	0.0	0.0	1.0	0.0	0.0	1.0	2.0	0.0
metabat2.megahit.14_96_2	2.0	0.0	0.0	1.0	0.0	0.0	0.0	4.0	0.0
metabat2.megahit.14_96_3	1.0	0.0	0.0	0.0	0.0	0.0	0.0	0.0	0.0
metabat2.megahit.14_96_4	2.0	0.0	0.0	2.0	0.0	0.0	1.0	0.0	0.0
metabat2.megahit.14_96_5	0.0	0.0	0.0	2.0	0.0	0.0	0.0	0.0	0.0
metabat2.megahit.14_96_6	1.0	0.0	0.0	0.0	0.0	0.0	0.0	1.0	0.0
metabat2.megahit.14_96_7	2.0	0.0	0.0	0.0	0.0	0.0	0.0	1.0	0.0
metabat2.megahit.14_96_8	6.0	0.0	0.0	10.0	0.0	0.0	4.0	2.0	0.0
metabat2.megahit.14_96_9	0.0	0.0	0.0	0.0	0.0	0.0	0.0	0.0	0.0
metabat2.megahit.14_97_1	1.0	0.0	0.0	4.0	0.0	0.0	0.0	1.0	0.0
metabat2.megahit.14_97_2	0.0	0.0	0.0	0.0	0.0	0.0	0.0	0.0	0.0
metabat2.megahit.14_97_3	4.0	0.0	0.0	0.0	0.0	0.0	0.0	3.0	0.0
metabat2.megahit.14_98_1	0.0	0.0	0.0	0.0	0.0	0.0	0.0	0.0	0.0
metabat2.megahit.14_98_2	1.0	0.0	0.0	2.0	0.0	0.0	0.0	0.0	0.0
metabat2.megahit.14_98_3	1.0	0.0	0.0	1.0	0.0	0.0	3.0	5.0	0.0
metabat2.megahit.14_98_4	0.0	0.0	0.0	0.0	0.0	0.0	1.0	0.0	0.0
metabat2.megahit.14_99_1	4.0	0.0	0.0	3.0	0.0	0.0	1.0	1.0	0.0
metabat2.megahit.14_99_10	0.0	0.0	0.0	0.0	0.0	0.0	0.0	0.0	0.0
metabat2.megahit.14_99_11	0.0	0.0	0.0	1.0	0.0	0.0	0.0	0.0	0.0
metabat2.megahit.14_99_12	0.0	0.0	0.0	0.0	0.0	0.0	0.0	0.0	0.0
metabat2.megahit.14_99_2	0.0	0.0	0.0	0.0	0.0	0.0	0.0	0.0	0.0
metabat2.megahit.14_99_3	0.0	0.0	0.0	0.0	0.0	0.0	0.0	0.0	0.0
metabat2.megahit.14_99_4	0.0	0.0	0.0	0.0	0.0	0.0	0.0	0.0	0.0
metabat2.megahit.14_99_5	3.0	0.0	0.0	4.0	0.0	0.0	0.0	2.0	0.0
metabat2.megahit.14_99_6	0.0	0.0	0.0	1.0	0.0	0.0	0.0	0.0	0.0
metabat2.megahit.14_99_7	1.0	0.0	0.0	2.0	0.0	0.0	1.0	4.0	0.0
metabat2.megahit.14_99_8	2.0	0.0	0.0	19.0	0.0	0.0	9.0	23.0	0.0
metabat2.megahit.14_99_9	0.0	0.0	0.0	3.0	0.0	0.0	0.0	1.0	0.0
metabat2.megahit.14_9_1	2.0	0.0	0.0	0.0	0.0	0.0	0.0	0.0	0.0
metabat2.megahit.14_9_2	0.0	0.0	0.0	0.0	0.0	0.0	0.0	0.0	0.0
metabat2.megahit.14_9_3	0.0	0.0	0.0	0.0	0.0	0.0	0.0	0.0	0.0
metabat2.megahit.14_9_4	1.0	0.0	0.0	0.0	0.0	0.0	0.0	0.0	0.0
metabat2.megahit.14_9_5	0.0	0.0	0.0	1.0	0.0	0.0	0.0	0.0	0.0
metabat2.megahit.14_9_6	0.0	0.0	0.0	0.0	0.0	0.0	0.0	0.0	0.0
metabat2.megahit.14_9_7	0.0	0.0	0.0	0.0	0.0	0.0	0.0	0.0	0.0
